index,link
323,https://scontent-iad3-2.cdninstagram.com/v/t51.29350-15/359481590_141562705626240_4985332045423488105_n.jpg?_nc_cat=111&ccb=1-7&_nc_sid=8ae9d6&_nc_ohc=Gum6gQawc-wAX9ZSVzx&_nc_ht=scontent-iad3-2.cdninstagram.com&edm=ANo9K5cEAAAA&oh=00_AfC0msphIz3J0ysJfOZEVeba8iSwg5VjVBaVpqdGhwbexg&oe=64B8E9CB
322,https://scontent-iad3-2.cdninstagram.com/v/t51.29350-15/359813172_117006654785923_6790606275534149555_n.jpg?_nc_cat=106&ccb=1-7&_nc_sid=8ae9d6&_nc_ohc=1KPd2DdauG0AX9mqlM5&_nc_oc=AQm_oYBOY-sxAMtNdu50_4F_OnJNsEOH4IJ8E0KhtJckDn7mbMS0iyhEKlEhmUkq31w&_nc_ht=scontent-iad3-2.cdninstagram.com&edm=ANo9K5cEAAAA&oh=00_AfCFbJvdKPteHT3jLqzPjXGHlI4_Pp_Yt_3Aiqs4ggCdeQ&oe=64B965A0
321,https://scontent-iad3-1.cdninstagram.com/v/t51.29350-15/359005371_798708678475334_3576041068575599198_n.jpg?_nc_cat=101&ccb=1-7&_nc_sid=8ae9d6&_nc_ohc=bj3jHGjC-z4AX-UFMBf&_nc_ht=scontent-iad3-1.cdninstagram.com&edm=ANo9K5cEAAAA&oh=00_AfBWFUPDSCN07T2TiDIQzwKHj2SI_ZjP4cdekybYJVmxxQ&oe=64B9E4B4
320,https://scontent-iad3-1.cdninstagram.com/v/t51.29350-15/359664186_1621042665050562_1288367462583603939_n.jpg?_nc_cat=108&ccb=1-7&_nc_sid=8ae9d6&_nc_ohc=aHB_Pe9ja30AX_WI6Gq&_nc_ht=scontent-iad3-1.cdninstagram.com&edm=ANo9K5cEAAAA&oh=00_AfBkybfJ2eSoX0_xlUmlgvp8_k_SHEZgSGUn8Xr_1dhtrw&oe=64B900E6
319,https://scontent-iad3-2.cdninstagram.com/v/t51.29350-15/359702941_293576886506391_6782802227703510705_n.jpg?_nc_cat=103&ccb=1-7&_nc_sid=8ae9d6&_nc_ohc=AD_PSJtkb5UAX_UChmY&_nc_ht=scontent-iad3-2.cdninstagram.com&edm=ANo9K5cEAAAA&oh=00_AfDRmrx5Asq2jfK5YxcRi3S_ZoeUbJfccjDK1Yu7PlAQew&oe=64B8741E
318,https://scontent-iad3-1.cdninstagram.com/v/t51.29350-15/359665950_3549661281944198_8208773503861312053_n.jpg?_nc_cat=104&ccb=1-7&_nc_sid=8ae9d6&_nc_ohc=FsO_zyJ9pLIAX9xWupQ&_nc_ht=scontent-iad3-1.cdninstagram.com&edm=ANo9K5cEAAAA&oh=00_AfDIorrO3MTmq2VDrzKrgtH23B4u6c3F5MmIOGir6KK-MQ&oe=64B8E3E1
317,https://scontent-iad3-1.cdninstagram.com/v/t51.29350-15/359261347_229716733311426_5016013636522563790_n.jpg?_nc_cat=109&ccb=1-7&_nc_sid=8ae9d6&_nc_ohc=HErwW9ipdX8AX_tzU8v&_nc_ht=scontent-iad3-1.cdninstagram.com&edm=ANo9K5cEAAAA&oh=00_AfD34o3i5vkc2a_-DluSojV2hzhCdiIlimy-B8LEc--XFA&oe=64B86043
316,https://scontent-iad3-2.cdninstagram.com/v/t51.29350-15/359930521_787037736550557_3900142609750363758_n.jpg?_nc_cat=111&ccb=1-7&_nc_sid=8ae9d6&_nc_ohc=oKT79_RnJvAAX9fSDiZ&_nc_ht=scontent-iad3-2.cdninstagram.com&edm=ANo9K5cEAAAA&oh=00_AfBpbRtgyOdo0dS3Wq22kDOdH21HfEG4zThTG0nd5AeZMA&oe=64B92AD1
315,https://scontent-iad3-2.cdninstagram.com/v/t51.29350-15/359427456_259181276741912_6094585590086640502_n.jpg?_nc_cat=100&ccb=1-7&_nc_sid=8ae9d6&_nc_ohc=mAFRpSAXH0MAX_PdRnE&_nc_ht=scontent-iad3-2.cdninstagram.com&edm=ANo9K5cEAAAA&oh=00_AfBtLzvRThWHew8aBKXkLpHOBDMu8KdD3r6k-r0YJTsUGg&oe=64B9F286
314,https://scontent-iad3-2.cdninstagram.com/v/t51.29350-15/359676575_844157729894788_77864246055705166_n.jpg?_nc_cat=100&ccb=1-7&_nc_sid=8ae9d6&_nc_ohc=B0mNZXg7yx4AX_cc_RH&_nc_ht=scontent-iad3-2.cdninstagram.com&edm=ANo9K5cEAAAA&oh=00_AfCqJAp_1xcmVdrRQ3a60iVqMH-u8dacrO3XtrKlJpKlNw&oe=64B8AAE2
313,https://scontent-iad3-2.cdninstagram.com/v/t51.29350-15/359734022_2177009332508564_1968408758182154966_n.jpg?_nc_cat=103&ccb=1-7&_nc_sid=8ae9d6&_nc_ohc=9dQO9mLlU1MAX8d6MMc&_nc_ht=scontent-iad3-2.cdninstagram.com&edm=ANo9K5cEAAAA&oh=00_AfA03Mq4t4yfNNfF8yZe0pKrYicT_JZ4s3XemV2bVKHR3g&oe=64B9F03B
312,https://scontent-iad3-1.cdninstagram.com/v/t51.29350-15/360034834_1640266063136517_7881261173588259092_n.jpg?_nc_cat=104&ccb=1-7&_nc_sid=8ae9d6&_nc_ohc=qcGcyimDWvgAX-7eMko&_nc_ht=scontent-iad3-1.cdninstagram.com&edm=ANo9K5cEAAAA&oh=00_AfDeqZZ_H20gVFK9lNZHsMMt9ng0HSk9bilsiwX9eo16hg&oe=64B99063
311,https://scontent-iad3-1.cdninstagram.com/v/t51.29350-15/359682649_650180986993750_4455730493779795798_n.jpg?_nc_cat=110&ccb=1-7&_nc_sid=8ae9d6&_nc_ohc=rklPrenjreYAX-hu6gS&_nc_ht=scontent-iad3-1.cdninstagram.com&edm=ANo9K5cEAAAA&oh=00_AfDw5f1R8wL-bXwzuNAMWClgFXZcbQZUQhecQEvMl4iVUA&oe=64B942FC
310,https://scontent-iad3-2.cdninstagram.com/v/t51.29350-15/359544664_174051365671036_6670484139631482196_n.jpg?_nc_cat=106&ccb=1-7&_nc_sid=8ae9d6&_nc_ohc=EvySHPIBM4AAX-b7Qwp&_nc_ht=scontent-iad3-2.cdninstagram.com&edm=ANo9K5cEAAAA&oh=00_AfDNA7wW2fHLhDQA7Int81XWpe4Ka1HaAPynGIy59WJJAw&oe=64B8EB7B
309,https://scontent-iad3-1.cdninstagram.com/v/t51.29350-15/359715815_973113850689871_912370428644472572_n.jpg?_nc_cat=101&ccb=1-7&_nc_sid=8ae9d6&_nc_ohc=S3NDTKV3iX0AX9O_ljc&_nc_ht=scontent-iad3-1.cdninstagram.com&edm=ANo9K5cEAAAA&oh=00_AfDh2Y3h4BB6K-pPTzFeucSSDb7-afGJaO2IMmvjdiO4SQ&oe=64B9622D
308,https://scontent-iad3-2.cdninstagram.com/v/t51.29350-15/359748317_953076802570350_4561786099618077175_n.jpg?_nc_cat=100&ccb=1-7&_nc_sid=8ae9d6&_nc_ohc=taVEOxtSJVwAX9zI7Aa&_nc_ht=scontent-iad3-2.cdninstagram.com&edm=ANo9K5cEAAAA&oh=00_AfCvGhmBznAgZlVNuoHI857kHN20v6malbaS7uJUQqSpcw&oe=64B990BE
307,https://scontent-iad3-1.cdninstagram.com/v/t51.29350-15/359721696_2437728196419485_2150369652900737537_n.jpg?_nc_cat=104&ccb=1-7&_nc_sid=8ae9d6&_nc_ohc=ROLir4epuvUAX_QLJMG&_nc_ht=scontent-iad3-1.cdninstagram.com&edm=ANo9K5cEAAAA&oh=00_AfB0itdb_ASKK_hAETV74f4yj9QaXHmvwhfor118mcg0MQ&oe=64B99020
306,https://scontent-iad3-2.cdninstagram.com/v/t51.29350-15/359376514_240052338837632_3930156358575333716_n.jpg?_nc_cat=106&ccb=1-7&_nc_sid=8ae9d6&_nc_ohc=fNJYmD_71zQAX-0WU3m&_nc_ht=scontent-iad3-2.cdninstagram.com&edm=ANo9K5cEAAAA&oh=00_AfDIuJptIKHK0G996Qwrn9vgI9J21pM-N_6GWo6m297RrQ&oe=64B9E249
305,https://scontent-iad3-1.cdninstagram.com/v/t51.29350-15/359609417_281073244575544_7111964855198996526_n.jpg?_nc_cat=102&ccb=1-7&_nc_sid=8ae9d6&_nc_ohc=q0SCnTjfIXUAX-tF_2G&_nc_ht=scontent-iad3-1.cdninstagram.com&edm=ANo9K5cEAAAA&oh=00_AfAuwEGzfcYFWKQBsAD0HV-UZjnKmxRryx73SjlFSHqccw&oe=64B94937
304,https://scontent-iad3-1.cdninstagram.com/v/t51.29350-15/359196695_1305118150094659_1853218562469569010_n.jpg?_nc_cat=107&ccb=1-7&_nc_sid=8ae9d6&_nc_ohc=dqOo4s1PuEYAX9SXduW&_nc_ht=scontent-iad3-1.cdninstagram.com&edm=ANo9K5cEAAAA&oh=00_AfCT9UHlKf8QNeoCR4Sua-eo6rEj7mNv26okNcwcNQBcRQ&oe=64B93AFB
303,https://scontent-iad3-1.cdninstagram.com/v/t51.29350-15/359783180_6615229625207171_5324075792712017441_n.jpg?_nc_cat=108&ccb=1-7&_nc_sid=8ae9d6&_nc_ohc=116RXNY3GrUAX-cPG2H&_nc_ht=scontent-iad3-1.cdninstagram.com&edm=ANo9K5cEAAAA&oh=00_AfCiKc815rEh_zcQBiTuFutWwCegsElyXlGpaz-IZ4iDHQ&oe=64B9F4E2
302,https://scontent-iad3-2.cdninstagram.com/v/t51.29350-15/359441271_770231105048426_5733038799370421874_n.jpg?_nc_cat=103&ccb=1-7&_nc_sid=8ae9d6&_nc_ohc=RzUzzFp8yDMAX8Gj6Zj&_nc_ht=scontent-iad3-2.cdninstagram.com&edm=ANo9K5cEAAAA&oh=00_AfBgmro2NCHSUPSc_oGHrDfmjW-IdWb_isjGIkB-lnnsuA&oe=64B976BC
301,https://scontent-iad3-1.cdninstagram.com/v/t51.29350-15/359670550_6803762902990638_2982515660317889861_n.jpg?_nc_cat=102&ccb=1-7&_nc_sid=8ae9d6&_nc_ohc=3xUVNewsCnMAX_uuPM1&_nc_oc=AQnBt135Km-r4t0LsS-gUooa8hNpOvHA-P7pPb8vLmG8z18lPlGcAmIJyanitD0NDnI&_nc_ht=scontent-iad3-1.cdninstagram.com&edm=ANo9K5cEAAAA&oh=00_AfC1jNmBRwFa8aXtt5QsvZ9u27_0FQ0PAyITyNZKoK0wsg&oe=64B85962
300,https://scontent-iad3-1.cdninstagram.com/v/t51.29350-15/359580181_572889791725997_6813170988904812856_n.jpg?_nc_cat=110&ccb=1-7&_nc_sid=8ae9d6&_nc_ohc=vXH1ZiYo2xcAX9hwIXS&_nc_ht=scontent-iad3-1.cdninstagram.com&edm=ANo9K5cEAAAA&oh=00_AfC_dNbJzR9smhk_9IgxXJeI6USIKdMPp6-pvM2WP7tQYQ&oe=64B93E96
299,https://scontent-iad3-2.cdninstagram.com/v/t51.29350-15/359349304_1620038181824260_5884512675947185650_n.jpg?_nc_cat=105&ccb=1-7&_nc_sid=8ae9d6&_nc_ohc=WjbXgsw6BO0AX_fQosc&_nc_ht=scontent-iad3-2.cdninstagram.com&edm=ANo9K5cEAAAA&oh=00_AfDwpUT6g1HT6UC0PYkpkx4WhtherrcHO-M7aq7uT_26yg&oe=64B8AEE5
298,https://scontent-iad3-2.cdninstagram.com/v/t51.29350-15/359036462_3319339221730045_4656038338143840289_n.jpg?_nc_cat=111&ccb=1-7&_nc_sid=8ae9d6&_nc_ohc=9SXYBMENZW4AX_S1XVp&_nc_ht=scontent-iad3-2.cdninstagram.com&edm=ANo9K5cEAAAA&oh=00_AfCLq4QKA9uJwPSPg5mn5bU7mKwbg9swTzX-6G101HXaXQ&oe=64B8690B
297,https://scontent-iad3-2.cdninstagram.com/v/t51.29350-15/359794006_652544453440399_5836968014194623654_n.jpg?_nc_cat=111&ccb=1-7&_nc_sid=8ae9d6&_nc_ohc=oahHHjKH1XIAX88KPci&_nc_ht=scontent-iad3-2.cdninstagram.com&edm=ANo9K5cEAAAA&oh=00_AfCgEMp-lKeqlvTW5PCKh2zhO_ly-v7YjyZOjfKk1SFKKA&oe=64B987EE
296,https://scontent-iad3-1.cdninstagram.com/v/t51.29350-15/360023132_3443142826002683_4551253569512406978_n.jpg?_nc_cat=104&ccb=1-7&_nc_sid=8ae9d6&_nc_ohc=P2rbLZBb60gAX_Jr7Qg&_nc_ht=scontent-iad3-1.cdninstagram.com&edm=ANo9K5cEAAAA&oh=00_AfC3e0SiO5LqR0x-mChrN4o_NPfbNuoMWf8kPIjc9alntg&oe=64B9B2E5
295,https://scontent-iad3-1.cdninstagram.com/v/t51.29350-15/352241016_1211920619509306_5240654571637694361_n.jpg?_nc_cat=110&ccb=1-7&_nc_sid=8ae9d6&_nc_ohc=ziFA8VJJcX4AX9t-6Qo&_nc_ht=scontent-iad3-1.cdninstagram.com&edm=ANo9K5cEAAAA&oh=00_AfAwPfAU0kjpmHOE_4CBrw86as1d4eqGrwkWyyAVlJTjZA&oe=64B87636
294,https://scontent-iad3-1.cdninstagram.com/v/t51.29350-15/352272897_271407062056032_5040085829521829603_n.jpg?_nc_cat=107&ccb=1-7&_nc_sid=8ae9d6&_nc_ohc=iiQcEf7krdwAX8cBxnr&_nc_ht=scontent-iad3-1.cdninstagram.com&edm=ANo9K5cEAAAA&oh=00_AfBMRCf5peDsaQ8dnpAly0v26K1FnN6zXd9RQIxhA5dUbA&oe=64B84C2E
293,https://scontent-iad3-2.cdninstagram.com/v/t51.29350-15/351418823_779480463649657_3055157921799139553_n.jpg?_nc_cat=106&ccb=1-7&_nc_sid=8ae9d6&_nc_ohc=-ZF1OYTXMTIAX8BUIZM&_nc_ht=scontent-iad3-2.cdninstagram.com&edm=ANo9K5cEAAAA&oh=00_AfC6nJBaW0p3Jx0oCcVtjtEl0XGyBdYafDnnAwodmAFxGg&oe=64B95F7A
292,https://scontent-iad3-2.cdninstagram.com/v/t51.29350-15/352254633_982300606137998_250361534065277579_n.jpg?_nc_cat=100&ccb=1-7&_nc_sid=8ae9d6&_nc_ohc=W50QQAV1dngAX9oWpCk&_nc_ht=scontent-iad3-2.cdninstagram.com&edm=ANo9K5cEAAAA&oh=00_AfClnmuISqNh-OJq2tI8y-M8J3OZsX24JHraCzPDq7y32w&oe=64B99D90
291,https://scontent-iad3-1.cdninstagram.com/v/t51.29350-15/351291101_221865153945446_815543250618592845_n.jpg?_nc_cat=107&ccb=1-7&_nc_sid=8ae9d6&_nc_ohc=oFlwYqEsgsIAX_ddzza&_nc_ht=scontent-iad3-1.cdninstagram.com&edm=ANo9K5cEAAAA&oh=00_AfCPnZ4w7EfrVXnmGJHpmaddkpcVBNxjkIhc9_PHx9mzyA&oe=64B8F889
290,https://scontent-iad3-2.cdninstagram.com/v/t51.29350-15/351452716_259599623286029_6900580648763435095_n.jpg?_nc_cat=111&ccb=1-7&_nc_sid=8ae9d6&_nc_ohc=EWhAQkQxGhcAX8yByxY&_nc_ht=scontent-iad3-2.cdninstagram.com&edm=ANo9K5cEAAAA&oh=00_AfCOlV6tNJiEVMchIqLnQwR2bRmZUV6648uiEQ3L90kmXw&oe=64B85B63
289,https://scontent-iad3-2.cdninstagram.com/v/t51.29350-15/352054888_160674313520880_4770391047130334713_n.jpg?_nc_cat=103&ccb=1-7&_nc_sid=8ae9d6&_nc_ohc=kZjbNNvX9ncAX-aNQD7&_nc_ht=scontent-iad3-2.cdninstagram.com&edm=ANo9K5cEAAAA&oh=00_AfDdTmiGMqBqwvplvNyHX5rzPwUyraVauH5TsD_zNtpSOw&oe=64B9D51B
288,https://scontent-iad3-1.cdninstagram.com/v/t51.29350-15/351350255_784001453449634_8305363513762578899_n.jpg?_nc_cat=104&ccb=1-7&_nc_sid=8ae9d6&_nc_ohc=V_K5KcdqsroAX9H3CEw&_nc_ht=scontent-iad3-1.cdninstagram.com&edm=ANo9K5cEAAAA&oh=00_AfBZtbFWBlfq181YuVZ6sfpR76Vx8zKKK0C3-JV4Lf3vKA&oe=64B945D8
287,https://scontent-iad3-2.cdninstagram.com/v/t51.29350-15/351508117_300614055637572_6479029078134435873_n.jpg?_nc_cat=105&ccb=1-7&_nc_sid=8ae9d6&_nc_ohc=_nWPdlGg97cAX-wp92o&_nc_ht=scontent-iad3-2.cdninstagram.com&edm=ANo9K5cEAAAA&oh=00_AfCtqqdwGKGjHrudn9zEqlcknyPQejCyxEPsHtyKP2WY5w&oe=64B99123
286,https://scontent-iad3-2.cdninstagram.com/v/t51.29350-15/352243881_3529750303936867_3878207625100509570_n.jpg?_nc_cat=103&ccb=1-7&_nc_sid=8ae9d6&_nc_ohc=Z7fJ1nL8Rm4AX9745g6&_nc_oc=AQk1KWyPIFDiFFKNIKKkn9Fyxas7a7n6zInikKD3PL_luQmdrNE4N4gjGdKJ7DD7qg4&_nc_ht=scontent-iad3-2.cdninstagram.com&edm=ANo9K5cEAAAA&oh=00_AfBiPZaf0R5QxDiRlQ9hN1w66vQRunS-HCPeyIG2h5Subw&oe=64B9A73A
285,https://scontent-iad3-1.cdninstagram.com/v/t51.29350-15/351283829_1031320818276639_2209306409518959327_n.jpg?_nc_cat=104&ccb=1-7&_nc_sid=8ae9d6&_nc_ohc=jdWQBhOiL1sAX8qT0Xi&_nc_ht=scontent-iad3-1.cdninstagram.com&edm=ANo9K5cEAAAA&oh=00_AfD95yT4_GjvhrvrLLkDJNrbjmTRIKzgdJ8n7kPg7OyvLw&oe=64B966A2
284,https://scontent-iad3-1.cdninstagram.com/v/t51.29350-15/351447978_2206342022888389_4815006751257449335_n.jpg?_nc_cat=110&ccb=1-7&_nc_sid=8ae9d6&_nc_ohc=5zt0rdGJb78AX9kO9k0&_nc_ht=scontent-iad3-1.cdninstagram.com&edm=ANo9K5cEAAAA&oh=00_AfBdCvpIDI-wk11U_slOpgfLXf2Q0KqCiZD8rthBJJLXkg&oe=64B892F8
283,https://scontent-iad3-1.cdninstagram.com/v/t51.29350-15/352403090_573952824895871_5161608817691605957_n.jpg?_nc_cat=109&ccb=1-7&_nc_sid=8ae9d6&_nc_ohc=LygMCa38pGYAX8lrrtZ&_nc_ht=scontent-iad3-1.cdninstagram.com&edm=ANo9K5cEAAAA&oh=00_AfAjh8dDHWIq1y_zyQu-xzONQMEdQR5ORHkZrTkFBLrWiQ&oe=64B9E00C
282,https://scontent-iad3-2.cdninstagram.com/v/t51.29350-15/351283833_214616281391478_3121106433719326913_n.jpg?_nc_cat=105&ccb=1-7&_nc_sid=8ae9d6&_nc_ohc=D-aFQLo8HXgAX-PNH35&_nc_ht=scontent-iad3-2.cdninstagram.com&edm=ANo9K5cEAAAA&oh=00_AfBR1E7hyTtNDtFNXA59vhgskS0kHS01iwMzKRxAzBqVLg&oe=64B8CB27
281,https://scontent-iad3-2.cdninstagram.com/v/t51.29350-15/351287850_761963835400437_4878094626051070110_n.jpg?_nc_cat=106&ccb=1-7&_nc_sid=8ae9d6&_nc_ohc=BwwUu_tsfzkAX-lWAys&_nc_ht=scontent-iad3-2.cdninstagram.com&edm=ANo9K5cEAAAA&oh=00_AfAXLn6njbRu6pIAhOHjIfFj8-oOEgccbeIfDaGFdyvlYw&oe=64B8CADA
280,https://scontent-iad3-2.cdninstagram.com/v/t51.29350-15/351433454_217351797815393_1688085426078648931_n.jpg?_nc_cat=100&ccb=1-7&_nc_sid=8ae9d6&_nc_ohc=Ejgmsdy3XWwAX_T3J1u&_nc_ht=scontent-iad3-2.cdninstagram.com&edm=ANo9K5cEAAAA&oh=00_AfCym6-CSgJmLjIHaJF6r2S4s1YSCGKgTMQIpve1ujDMzA&oe=64B987D9
279,https://scontent-iad3-2.cdninstagram.com/v/t51.29350-15/351412551_563431042628466_7229241663058641642_n.jpg?_nc_cat=103&ccb=1-7&_nc_sid=8ae9d6&_nc_ohc=4XyQ1srkXbMAX8KENCH&_nc_ht=scontent-iad3-2.cdninstagram.com&edm=ANo9K5cEAAAA&oh=00_AfBpt6ORTwyYzXPCf6GhiDEUlKsVDNrVoBvEx6idbFthdw&oe=64B96FE4
278,https://scontent-iad3-1.cdninstagram.com/v/t51.29350-15/352439678_1223453105722838_347815671059960953_n.jpg?_nc_cat=101&ccb=1-7&_nc_sid=8ae9d6&_nc_ohc=u7aSCiPwphUAX98m-y3&_nc_ht=scontent-iad3-1.cdninstagram.com&edm=ANo9K5cEAAAA&oh=00_AfDPUpqWVYwjAsudMmKgcXKl9KokPmP1TuRH6_MDgWYnJA&oe=64B9D31C
277,https://scontent-iad3-2.cdninstagram.com/v/t51.29350-15/351469528_632057358981789_3058080659384891916_n.jpg?_nc_cat=103&ccb=1-7&_nc_sid=8ae9d6&_nc_ohc=ksBKYk9Jn_MAX8Zkhhe&_nc_ht=scontent-iad3-2.cdninstagram.com&edm=ANo9K5cEAAAA&oh=00_AfAcNPDdpCCKHb_aUcAzBk4oOQOTIoTYa-7-bMAC0X-YKQ&oe=64B967B3
276,https://scontent-iad3-1.cdninstagram.com/v/t51.29350-15/351727716_558943823109882_2380025707226740604_n.jpg?_nc_cat=108&ccb=1-7&_nc_sid=8ae9d6&_nc_ohc=JLsYIbzK-3cAX9wLLHk&_nc_ht=scontent-iad3-1.cdninstagram.com&edm=ANo9K5cEAAAA&oh=00_AfClaFPY5yEFNnDGBQSJW7YcdDuPYxhlPK_liKeuXcz6aw&oe=64B88E51
275,https://scontent-iad3-1.cdninstagram.com/v/t51.29350-15/351793402_644065937609417_5274689689436725039_n.jpg?_nc_cat=108&ccb=1-7&_nc_sid=8ae9d6&_nc_ohc=dasow1j8lmYAX9XBhuV&_nc_ht=scontent-iad3-1.cdninstagram.com&edm=ANo9K5cEAAAA&oh=00_AfAtqONsdbdTKeFVvbWVKO7YV6uvAIBAuqD2oyLeaDK50w&oe=64B8B0FE
274,https://scontent-iad3-2.cdninstagram.com/v/t51.29350-15/352322130_6223033714412183_8794969964013074005_n.jpg?_nc_cat=100&ccb=1-7&_nc_sid=8ae9d6&_nc_ohc=W-UG7mJVP0wAX__8RKw&_nc_ht=scontent-iad3-2.cdninstagram.com&edm=ANo9K5cEAAAA&oh=00_AfDXpCpw-KA0ZDHuIwJNEN3raB5M_PfVsD10qk8Fy0JaPQ&oe=64B9C48A
273,https://scontent-iad3-1.cdninstagram.com/v/t51.29350-15/351452724_562676229387522_6793499090835033615_n.jpg?_nc_cat=101&ccb=1-7&_nc_sid=8ae9d6&_nc_ohc=6WPsnVqzoJcAX_WJloh&_nc_ht=scontent-iad3-1.cdninstagram.com&edm=ANo9K5cEAAAA&oh=00_AfDPGzpfJWvUVMPQiWTzqvZQV2nBqeonyjlEJghGDdZkDw&oe=64B97519
272,https://scontent-iad3-2.cdninstagram.com/v/t51.29350-15/351405743_546634607685812_95397985890799233_n.jpg?_nc_cat=106&ccb=1-7&_nc_sid=8ae9d6&_nc_ohc=v3tBO9h4HDQAX9tUbGW&_nc_ht=scontent-iad3-2.cdninstagram.com&edm=ANo9K5cEAAAA&oh=00_AfDEMQlzo4o47dl35LBlQn7P_Na39z83hfHd2bkjXym5lQ&oe=64B89621
271,https://scontent-iad3-1.cdninstagram.com/v/t51.29350-15/351267793_180620464661960_4963776127688662794_n.jpg?_nc_cat=102&ccb=1-7&_nc_sid=8ae9d6&_nc_ohc=OgcJCrk28o4AX9IW2_V&_nc_ht=scontent-iad3-1.cdninstagram.com&edm=ANo9K5cEAAAA&oh=00_AfDZBkvu7uU6SeBKozNaZ4bK5a2dA_qgAniVLkU_2R-xHw&oe=64B866C1
270,https://scontent-iad3-1.cdninstagram.com/v/t51.29350-15/352385439_1478720805998414_3817593254341568064_n.jpg?_nc_cat=102&ccb=1-7&_nc_sid=8ae9d6&_nc_ohc=p_0-NhyulvoAX_SeGVZ&_nc_ht=scontent-iad3-1.cdninstagram.com&edm=ANo9K5cEAAAA&oh=00_AfC6MZ0R_RBXHNzRtmiI-mIpdTyYJiT-hZ-zbJqO3dExBA&oe=64B9E095
269,https://scontent-iad3-1.cdninstagram.com/v/t51.29350-15/351444729_1288404115143429_4008947501330486621_n.jpg?_nc_cat=108&ccb=1-7&_nc_sid=8ae9d6&_nc_ohc=69-2awwU9G8AX-4NtbA&_nc_ht=scontent-iad3-1.cdninstagram.com&edm=ANo9K5cEAAAA&oh=00_AfCjNMpMwkNu3ma0qtUuqoyDm26a4dCWnSxMdfE48b41HA&oe=64BA2627
268,https://scontent-iad3-2.cdninstagram.com/v/t51.29350-15/351283846_262028849836310_4613328242131059823_n.jpg?_nc_cat=111&ccb=1-7&_nc_sid=8ae9d6&_nc_ohc=_pUEvPcaMmsAX-LHkNe&_nc_ht=scontent-iad3-2.cdninstagram.com&edm=ANo9K5cEAAAA&oh=00_AfD4b5uVFXjxPp1A6nTvnHtBumEMRgbcxVLL7KPPLwMuGQ&oe=64B90991
267,https://scontent-iad3-2.cdninstagram.com/v/t51.29350-15/352215509_1616216638884235_7107949799350364527_n.jpg?_nc_cat=111&ccb=1-7&_nc_sid=8ae9d6&_nc_ohc=daPj1ylxGOoAX86OW3t&_nc_ht=scontent-iad3-2.cdninstagram.com&edm=ANo9K5cEAAAA&oh=00_AfBnpyCxz251fseIjXGcwGrRfOWbl4miBTfGQn2hYvzG2Q&oe=64B9B7ED
266,https://scontent-iad3-1.cdninstagram.com/v/t51.29350-15/350849369_1682682415478984_2809269562498464467_n.jpg?_nc_cat=107&ccb=1-7&_nc_sid=8ae9d6&_nc_ohc=c8qoXQ8X_VcAX-d6Dcg&_nc_ht=scontent-iad3-1.cdninstagram.com&edm=ANo9K5cEAAAA&oh=00_AfBsTMzIGRDDOAHU2LUc2okn-hfeQuwSU-3gnwZbmRcUyQ&oe=64BA188E
265,https://scontent-iad3-2.cdninstagram.com/v/t51.29350-15/351012973_3097508043886866_5156389221551390246_n.jpg?_nc_cat=100&ccb=1-7&_nc_sid=8ae9d6&_nc_ohc=P4sGsGnrRzIAX_kYy78&_nc_ht=scontent-iad3-2.cdninstagram.com&edm=ANo9K5cEAAAA&oh=00_AfDVSywUhrEFpHLE9kNpqX9Xl63urspdr51398vT8H4N9Q&oe=64B97F7D
264,https://scontent-iad3-2.cdninstagram.com/v/t51.29350-15/350675480_975603476952820_7196000973033339374_n.jpg?_nc_cat=105&ccb=1-7&_nc_sid=8ae9d6&_nc_ohc=xlpHCQlqTswAX-uwPJD&_nc_ht=scontent-iad3-2.cdninstagram.com&edm=ANo9K5cEAAAA&oh=00_AfBhUv5GAQm0c4axjmozuBV1-jcxK1YbhjeLESEj0vJCAA&oe=64BA0085
263,https://scontent-iad3-1.cdninstagram.com/v/t51.29350-15/350982764_265570786008378_8725853146815815071_n.jpg?_nc_cat=102&ccb=1-7&_nc_sid=8ae9d6&_nc_ohc=2UirMDZWARYAX_wJD6B&_nc_ht=scontent-iad3-1.cdninstagram.com&edm=ANo9K5cEAAAA&oh=00_AfAy_EGUeTF6TB4tFMa33dvLYz9tX9jLAinwAqPK04T9WQ&oe=64B8B771
262,https://scontent-iad3-2.cdninstagram.com/v/t51.29350-15/350899229_567395888908411_6616077024730391280_n.jpg?_nc_cat=100&ccb=1-7&_nc_sid=8ae9d6&_nc_ohc=8XZK139l6AgAX9XQdvZ&_nc_ht=scontent-iad3-2.cdninstagram.com&edm=ANo9K5cEAAAA&oh=00_AfDpFzgkGa6_vMA3xmf_ia_mf6GYDokgl4r5ZCv4aZWABg&oe=64B9DEC7
261,https://scontent-iad3-1.cdninstagram.com/v/t51.29350-15/350659125_295192596178868_5338176526101573213_n.jpg?_nc_cat=108&ccb=1-7&_nc_sid=8ae9d6&_nc_ohc=rhlvLUuKuvMAX-5AHxR&_nc_ht=scontent-iad3-1.cdninstagram.com&edm=ANo9K5cEAAAA&oh=00_AfC68C0QVt1_FOuZv_wHZW2heQKqljx-PO4fqBv_PlZfJw&oe=64B97D63
260,https://scontent-iad3-1.cdninstagram.com/v/t51.29350-15/345027366_743609130827591_3902187253285069493_n.jpg?_nc_cat=102&ccb=1-7&_nc_sid=8ae9d6&_nc_ohc=x2CrL_cfEfEAX9UFJEI&_nc_ht=scontent-iad3-1.cdninstagram.com&edm=ANo9K5cEAAAA&oh=00_AfAvMyRZkmXNsoDqudc58_U-f-qFbhG9HpmL6zEYRX2Lzg&oe=64B8FAD0
259,https://scontent-iad3-1.cdninstagram.com/v/t51.29350-15/344840674_622363603100559_8483747940131550975_n.jpg?_nc_cat=110&ccb=1-7&_nc_sid=8ae9d6&_nc_ohc=U7hrgrSZijkAX9PJL42&_nc_ht=scontent-iad3-1.cdninstagram.com&edm=ANo9K5cEAAAA&oh=00_AfAH-PnjP2jEbSPAV6k5ydWKetoaQADVYyANQmpT2SXwyA&oe=64B91A74
258,https://scontent-iad3-2.cdninstagram.com/v/t51.29350-15/344727188_242157041802078_7304227501963278512_n.jpg?_nc_cat=103&ccb=1-7&_nc_sid=8ae9d6&_nc_ohc=FF463Pxop68AX-37DjG&_nc_ht=scontent-iad3-2.cdninstagram.com&edm=ANo9K5cEAAAA&oh=00_AfAg05NiL06SKO8fxPfnlsqX52wrVMq-AQPIFGDgTexR_w&oe=64B8C8AC
257,https://scontent-iad3-2.cdninstagram.com/v/t51.29350-15/344264093_938416267473061_404454458153132418_n.jpg?_nc_cat=106&ccb=1-7&_nc_sid=8ae9d6&_nc_ohc=TDoUYvMBLBEAX-0F5jQ&_nc_ht=scontent-iad3-2.cdninstagram.com&edm=ANo9K5cEAAAA&oh=00_AfAjvchmWq5q4IR4YC8ctuT4FTxMaTP1dJ0SIkEEZNJytw&oe=64B86E83
256,https://scontent-iad3-1.cdninstagram.com/v/t51.29350-15/344096497_656285646330465_255550207630999975_n.jpg?_nc_cat=102&ccb=1-7&_nc_sid=8ae9d6&_nc_ohc=B-NDe8W_-CwAX-FTVdp&_nc_oc=AQm1w0b4rWvEGRiIoVnNtWkNtVyZq7Fj5VTeKF-qFmmRCZQGLaU2QN9MeFVgeY9DnSM&_nc_ht=scontent-iad3-1.cdninstagram.com&edm=ANo9K5cEAAAA&oh=00_AfCwc_uvN7AQ8EiR6X-Acds8inGbOBdbxvQxg69XY43u9A&oe=64B8CD48
255,https://scontent-iad3-2.cdninstagram.com/v/t51.29350-15/343960756_728072572447169_3079126644064315881_n.jpg?_nc_cat=105&ccb=1-7&_nc_sid=8ae9d6&_nc_ohc=36y8YhhVGKsAX8FeNvZ&_nc_ht=scontent-iad3-2.cdninstagram.com&edm=ANo9K5cEAAAA&oh=00_AfAhfVhwR2i1PL0K_gHAkqzpMlt7hFhRqrNiu5FThex2VA&oe=64B96FCD
254,https://scontent-iad3-2.cdninstagram.com/v/t51.29350-15/343581516_1928461554221291_4815909618342858364_n.jpg?_nc_cat=103&ccb=1-7&_nc_sid=8ae9d6&_nc_ohc=5m-Hm2pBiZ0AX_jK2p7&_nc_ht=scontent-iad3-2.cdninstagram.com&edm=ANo9K5cEAAAA&oh=00_AfC4XvI5oF58Vo4n92AQE8uA3AuaBikcY6abWhUvLlxW_A&oe=64B9B69F
253,https://scontent-iad3-1.cdninstagram.com/v/t51.29350-15/343599773_1126730808722935_7462495314669027079_n.jpg?_nc_cat=107&ccb=1-7&_nc_sid=8ae9d6&_nc_ohc=Jz2VpPmAVusAX82DH0b&_nc_ht=scontent-iad3-1.cdninstagram.com&edm=ANo9K5cEAAAA&oh=00_AfCKf80sRP_m8vjHI5z33o5oqv_DnJf7BEyRJd9mh9cOhg&oe=64B98E65
252,https://scontent-iad3-1.cdninstagram.com/v/t51.29350-15/343181549_551820550309014_198956182663176782_n.jpg?_nc_cat=102&ccb=1-7&_nc_sid=8ae9d6&_nc_ohc=rL80FqQjImcAX9q8Xvx&_nc_oc=AQk1gYgdBi7TS7A2DbFbCgZzBU2bnuRyQbjYe2PWU8wxOMr6ePrtj3SPU0iWCpwqdHk&_nc_ht=scontent-iad3-1.cdninstagram.com&edm=ANo9K5cEAAAA&oh=00_AfCv0RYbFFjN6J9wKlDWBRlhaBkyE-N6eVWNuLBKWQFCgg&oe=64BA1996
251,https://scontent-iad3-1.cdninstagram.com/v/t51.29350-15/343131700_190495746722335_3517061918994069504_n.jpg?_nc_cat=107&ccb=1-7&_nc_sid=8ae9d6&_nc_ohc=sRPMYBLgTgUAX80wpkE&_nc_ht=scontent-iad3-1.cdninstagram.com&edm=ANo9K5cEAAAA&oh=00_AfDMFFSvKs_tT468IN7ha3irnLoYfXo8Rlzbg8yXmDA-Bw&oe=64BA14C2
250,https://scontent-iad3-2.cdninstagram.com/v/t51.29350-15/343039326_1032335964838545_7627808185219381787_n.jpg?_nc_cat=103&ccb=1-7&_nc_sid=8ae9d6&_nc_ohc=beRF46fJHyUAX9OE8x7&_nc_ht=scontent-iad3-2.cdninstagram.com&edm=ANo9K5cEAAAA&oh=00_AfDdZUz-7igSHNIjL8G5kLA-jpZn4nC71tl0kCpexPKUpQ&oe=64B9E847
249,https://scontent-iad3-2.cdninstagram.com/v/t51.29350-15/343040559_3465177900476412_4292505903194033778_n.jpg?_nc_cat=111&ccb=1-7&_nc_sid=8ae9d6&_nc_ohc=Frh4094oOdoAX-RC4Xs&_nc_ht=scontent-iad3-2.cdninstagram.com&edm=ANo9K5cEAAAA&oh=00_AfBLXJLQJlhPiauUV1tQn0K98LXDHEdtj44QGAQUdvmdxA&oe=64B9306C
248,https://scontent-iad3-2.cdninstagram.com/v/t51.29350-15/342742642_973869234025994_8166536435055221915_n.jpg?_nc_cat=106&ccb=1-7&_nc_sid=8ae9d6&_nc_ohc=1eWcbrjQ6cYAX_P9TiJ&_nc_ht=scontent-iad3-2.cdninstagram.com&edm=ANo9K5cEAAAA&oh=00_AfARWQSUn1ZH0UNNH34uXBiP3BRUt-k9DF7BkAHiYplxqg&oe=64B8D8A2
247,https://scontent-iad3-1.cdninstagram.com/v/t51.29350-15/342724268_231365136241489_6525035821719575604_n.jpg?_nc_cat=108&ccb=1-7&_nc_sid=8ae9d6&_nc_ohc=NeGtIA20ZvgAX88diGp&_nc_ht=scontent-iad3-1.cdninstagram.com&edm=ANo9K5cEAAAA&oh=00_AfCoFuAwwVFE6dW_9B0wTIbTFmzSVTx0GfMbP2WujRSJlQ&oe=64B8A7E6
246,https://scontent-iad3-2.cdninstagram.com/v/t51.29350-15/342280847_830107211873373_6839221123010348985_n.jpg?_nc_cat=100&ccb=1-7&_nc_sid=8ae9d6&_nc_ohc=i9uwNIw3g7MAX8ARXgY&_nc_ht=scontent-iad3-2.cdninstagram.com&edm=ANo9K5cEAAAA&oh=00_AfAz4uLR3QMPZsmBgppy6s_ZaIgA3NWhAt0L6HrYi8qDEQ&oe=64B9FADC
245,https://scontent-iad3-2.cdninstagram.com/v/t51.29350-15/342245100_535257772096500_690164659756078050_n.jpg?_nc_cat=106&ccb=1-7&_nc_sid=8ae9d6&_nc_ohc=gLH7nUplTAoAX_0isGW&_nc_oc=AQk4nX3l8TMQC4PmFiWGVfWKb84JgXDUYBdbImM0WRjRhAdFfsD_mZamcIEM7cfgH0k&_nc_ht=scontent-iad3-2.cdninstagram.com&edm=ANo9K5cEAAAA&oh=00_AfAozq8U72FCvEgQkZJf8RlHOegRgARiSwItR_Q0czrlGA&oe=64B879E2
244,https://scontent-iad3-1.cdninstagram.com/v/t51.29350-15/342062498_1390605618441022_5429388103867121696_n.jpg?_nc_cat=107&ccb=1-7&_nc_sid=8ae9d6&_nc_ohc=eqMTl16qzWIAX-vt4uF&_nc_ht=scontent-iad3-1.cdninstagram.com&edm=ANo9K5cEAAAA&oh=00_AfAhUeg2IZsFzVSmkImhv9yhlCLD7Mk9ZgSYUz2j6AL7mA&oe=64B8A4D0
243,https://scontent-iad3-2.cdninstagram.com/v/t51.29350-15/341741929_768486008224412_8718696859804802514_n.jpg?_nc_cat=111&ccb=1-7&_nc_sid=8ae9d6&_nc_ohc=WMCrBSocv4UAX-C2HgY&_nc_ht=scontent-iad3-2.cdninstagram.com&edm=ANo9K5cEAAAA&oh=00_AfAvERR5Kzk0H6rzLg6wvAXGt2ej8MI-clEcaEOA9BUEmw&oe=64B9E4E0
242,https://scontent-iad3-1.cdninstagram.com/v/t51.29350-15/341802014_137921439120661_5559838350455939995_n.jpg?_nc_cat=101&ccb=1-7&_nc_sid=8ae9d6&_nc_ohc=aBdrt-e4gAIAX_V3N9I&_nc_ht=scontent-iad3-1.cdninstagram.com&edm=ANo9K5cEAAAA&oh=00_AfArBnxQg3z77ubAufYf4eQG1NGYFkJiUhfEU5Y6adbSDQ&oe=64B97470
241,https://scontent-iad3-2.cdninstagram.com/v/t51.29350-15/341320899_193675966776615_864409825500490880_n.jpg?_nc_cat=103&ccb=1-7&_nc_sid=8ae9d6&_nc_ohc=Tx6Q9k8cgZUAX_dNHn2&_nc_ht=scontent-iad3-2.cdninstagram.com&edm=ANo9K5cEAAAA&oh=00_AfBLQT9RTjpdpG0tFC_Znp9gqn2xjeCm_aKP1x77WtS3iA&oe=64B83E01
240,https://scontent-iad3-1.cdninstagram.com/v/t51.29350-15/341178258_1278623493057610_1670776094946850466_n.jpg?_nc_cat=102&ccb=1-7&_nc_sid=8ae9d6&_nc_ohc=YrKy1UkqW0AAX-YWvNX&_nc_ht=scontent-iad3-1.cdninstagram.com&edm=ANo9K5cEAAAA&oh=00_AfCwZFml5UiApCsUVFMAXaVJce7yCPGGrIqlmozn7cQdrQ&oe=64BA20E1
239,https://scontent-iad3-2.cdninstagram.com/v/t51.29350-15/329259133_751909499678919_6785857936128139095_n.jpg?_nc_cat=103&ccb=1-7&_nc_sid=8ae9d6&_nc_ohc=ybPdVsNj4hcAX-s0Oe_&_nc_ht=scontent-iad3-2.cdninstagram.com&edm=ANo9K5cEAAAA&oh=00_AfCSMSZ_jVVGZ5c95BZmn8zKOnU6Ezw1KIgcRAwb6DtPmA&oe=64B99C08
238,https://scontent-iad3-2.cdninstagram.com/v/t51.29350-15/341177572_883477776081933_7393911869641213383_n.jpg?_nc_cat=103&ccb=1-7&_nc_sid=8ae9d6&_nc_ohc=7bY1oCLNVZIAX9XOLD9&_nc_ht=scontent-iad3-2.cdninstagram.com&edm=ANo9K5cEAAAA&oh=00_AfBz8-mfxQdCNZ2_MDQ6o2fPp2NjlCNAmpHix0M9FQ-liQ&oe=64B96C72
237,https://scontent-iad3-1.cdninstagram.com/v/t51.29350-15/340506383_1277472183115897_4273167174796713638_n.jpg?_nc_cat=109&ccb=1-7&_nc_sid=8ae9d6&_nc_ohc=1iPUEghq21gAX9N0RbE&_nc_ht=scontent-iad3-1.cdninstagram.com&edm=ANo9K5cEAAAA&oh=00_AfCESlM1O6LWdGqJzBWevD3-tfsjuceSrx28KK9LfX32qw&oe=64B96176
236,https://scontent-iad3-2.cdninstagram.com/v/t51.29350-15/340474801_1262841107664558_3396758170984189673_n.jpg?_nc_cat=100&ccb=1-7&_nc_sid=8ae9d6&_nc_ohc=bhkrIWkTgBIAX8jS8A_&_nc_ht=scontent-iad3-2.cdninstagram.com&edm=ANo9K5cEAAAA&oh=00_AfA7FJOj4yzt35BMhR7NHSMBUkevziQ9bLvTCaJudtjhJg&oe=64BA02DF
235,https://scontent-iad3-1.cdninstagram.com/v/t51.29350-15/339965587_777772313538867_1591276484722929305_n.jpg?_nc_cat=102&ccb=1-7&_nc_sid=8ae9d6&_nc_ohc=oM-6N4jLwNwAX_hHETa&_nc_ht=scontent-iad3-1.cdninstagram.com&edm=ANo9K5cEAAAA&oh=00_AfC7UWj7tm3nki_Gqh_Sju0_p72rs_tsUZCa7t2UngKmag&oe=64B94B04
234,https://scontent-iad3-1.cdninstagram.com/v/t51.29350-15/340333273_1233595013944533_8462243099151228038_n.jpg?_nc_cat=107&ccb=1-7&_nc_sid=8ae9d6&_nc_ohc=g-al8UuY_bwAX-vvqgX&_nc_ht=scontent-iad3-1.cdninstagram.com&edm=ANo9K5cEAAAA&oh=00_AfBRO976w7NElShXKvKTNJnRI5Nbuv-Yuh77s3xjugkvSA&oe=64B84513
233,https://scontent-iad3-1.cdninstagram.com/v/t51.29350-15/340169384_1382678055856273_4925041056024939679_n.jpg?_nc_cat=101&ccb=1-7&_nc_sid=8ae9d6&_nc_ohc=oHIu9o7B2wgAX_TA4a5&_nc_ht=scontent-iad3-1.cdninstagram.com&edm=ANo9K5cEAAAA&oh=00_AfCt-sX7J62aCghh-WWYG8Zqwvr0Fpawzh0p4arkTwU3uw&oe=64B9846F
232,https://scontent-iad3-1.cdninstagram.com/v/t51.29350-15/339793634_911407819949745_4386873966616122340_n.jpg?_nc_cat=109&ccb=1-7&_nc_sid=8ae9d6&_nc_ohc=2n8ggTFy73AAX_xlAPW&_nc_ht=scontent-iad3-1.cdninstagram.com&edm=ANo9K5cEAAAA&oh=00_AfBDDj58ZvTiaReCmZcHJfdxSrLxsghCuRgv8TNQb_MQSA&oe=64B9F281
231,https://scontent-iad3-1.cdninstagram.com/v/t51.29350-15/339512890_1167599530590960_4873457516429039522_n.jpg?_nc_cat=108&ccb=1-7&_nc_sid=8ae9d6&_nc_ohc=a44cspSD8xUAX-AlU3r&_nc_ht=scontent-iad3-1.cdninstagram.com&edm=ANo9K5cEAAAA&oh=00_AfDYEqxypbEpMZ4QM8Syo30cMi3KD5ZJJBGoqon8G7Gzzg&oe=64B95F5B
230,https://scontent-iad3-1.cdninstagram.com/v/t51.29350-15/339324372_932211584783800_1567554551791914906_n.jpg?_nc_cat=102&ccb=1-7&_nc_sid=8ae9d6&_nc_ohc=w1J_GGgBlmMAX8OF8Ig&_nc_ht=scontent-iad3-1.cdninstagram.com&edm=ANo9K5cEAAAA&oh=00_AfDLR1eWo7Z4gZeWPORsQPmDkAf9fhVWk7Hek3oswHtngA&oe=64B916DA
229,https://scontent-iad3-1.cdninstagram.com/v/t51.29350-15/339333544_605232777869216_4812664352230248216_n.jpg?_nc_cat=110&ccb=1-7&_nc_sid=8ae9d6&_nc_ohc=ukUcvdIn_GAAX-xpakf&_nc_ht=scontent-iad3-1.cdninstagram.com&edm=ANo9K5cEAAAA&oh=00_AfAoAhtzkrbNo2sHbI1o7f7t1MJ1ZDm2G1HU9n_FL0ojWg&oe=64B90DC3
228,https://scontent-iad3-2.cdninstagram.com/v/t51.29350-15/339148220_186261940408357_2042297131570764175_n.jpg?_nc_cat=106&ccb=1-7&_nc_sid=8ae9d6&_nc_ohc=GsUeIBcofaIAX85nGPN&_nc_ht=scontent-iad3-2.cdninstagram.com&edm=ANo9K5cEAAAA&oh=00_AfCZFOckw2zQ99dEkQdSi1lylXz1mvP3HH5j-kfhREI64w&oe=64B92F77
227,https://scontent-iad3-1.cdninstagram.com/v/t51.29350-15/339355039_472834024974711_6610825089755861178_n.jpg?_nc_cat=107&ccb=1-7&_nc_sid=8ae9d6&_nc_ohc=g_ycwp0cre0AX9kVa2l&_nc_ht=scontent-iad3-1.cdninstagram.com&edm=ANo9K5cEAAAA&oh=00_AfB0lhs3UhMgOiwsa3lkYPW4BAkQ_s4Ab5zaAqxLXDC_fw&oe=64B9B7FB
226,https://scontent-iad3-2.cdninstagram.com/v/t51.29350-15/338790480_634279238519423_4243881909221140101_n.jpg?_nc_cat=100&ccb=1-7&_nc_sid=8ae9d6&_nc_ohc=s7mkt3u2JE4AX9wWo9m&_nc_ht=scontent-iad3-2.cdninstagram.com&edm=ANo9K5cEAAAA&oh=00_AfDjr5ldy3Kp_vmKOQwJCLQlal_y4q7njaBoELfhRn2O7g&oe=64B9186F
225,https://scontent-iad3-2.cdninstagram.com/v/t51.29350-15/338937323_741227280884711_4485919401114963014_n.jpg?_nc_cat=100&ccb=1-7&_nc_sid=8ae9d6&_nc_ohc=py-N5dAhbl8AX9AaQX4&_nc_oc=AQmWyVjqK5TmRYSByxrY-3RaXhQZYjdrgnEgargVXXcP_W0TCQ8qjdYB5IPX-NPyfgM&_nc_ht=scontent-iad3-2.cdninstagram.com&edm=ANo9K5cEAAAA&oh=00_AfDi2ou700QiK-eKnfqBT80TKki2zNdufVOnqXXZqjr9Bg&oe=64B86630
224,https://scontent-iad3-1.cdninstagram.com/v/t51.29350-15/338445460_609103680753393_775571283164008454_n.jpg?_nc_cat=109&ccb=1-7&_nc_sid=8ae9d6&_nc_ohc=9PGhklLB3Z0AX9Zbapa&_nc_ht=scontent-iad3-1.cdninstagram.com&edm=ANo9K5cEAAAA&oh=00_AfBzFmwUijPwkZNNp71h_L9L01HjP75ksldkZi1VLZFVxQ&oe=64B92D85
223,https://scontent-iad3-2.cdninstagram.com/v/t51.29350-15/338159020_229125446360618_6088569116459140393_n.jpg?_nc_cat=105&ccb=1-7&_nc_sid=8ae9d6&_nc_ohc=VBZ2LvJ8gokAX_Oe4ck&_nc_ht=scontent-iad3-2.cdninstagram.com&edm=ANo9K5cEAAAA&oh=00_AfDHidRkxCSBOn08gUNBue0Fd19M12gva4SRFUYxIKAtnQ&oe=64B9F8D4
222,https://scontent-iad3-1.cdninstagram.com/v/t51.29350-15/337728461_871397890592485_764971333289147710_n.jpg?_nc_cat=102&ccb=1-7&_nc_sid=8ae9d6&_nc_ohc=xQdoV5GtjFkAX9whGm_&_nc_ht=scontent-iad3-1.cdninstagram.com&edm=ANo9K5cEAAAA&oh=00_AfDJMl84WyLdsRrlz50e36hx1Mo7wFMm8u77UK9WzLg2IA&oe=64B8839A
221,https://scontent-iad3-1.cdninstagram.com/v/t51.29350-15/338312705_233117419166463_6361415269646914103_n.jpg?_nc_cat=108&ccb=1-7&_nc_sid=8ae9d6&_nc_ohc=3mV1bferNX0AX-3giMQ&_nc_ht=scontent-iad3-1.cdninstagram.com&edm=ANo9K5cEAAAA&oh=00_AfD4wLDuFePog1cTH70UUdiJJXThXg7i7CwnhVLUSLkgZA&oe=64B9BFDE
220,https://scontent-iad3-1.cdninstagram.com/v/t51.29350-15/337541786_5954116598013812_7589882218672050398_n.jpg?_nc_cat=110&ccb=1-7&_nc_sid=8ae9d6&_nc_ohc=AJ6WXwOPQkkAX8aHq54&_nc_ht=scontent-iad3-1.cdninstagram.com&edm=ANo9K5cEAAAA&oh=00_AfBKrR8z3Qh4qfDqUpfPCiMjW7ZnOE5zp-Rpg74voxej7g&oe=64B928CB
219,https://scontent-iad3-1.cdninstagram.com/v/t51.29350-15/328715141_9915715901787484_5986043185386345025_n.jpg?_nc_cat=107&ccb=1-7&_nc_sid=8ae9d6&_nc_ohc=mHtzCpeKUR4AX87yhEn&_nc_ht=scontent-iad3-1.cdninstagram.com&edm=ANo9K5cEAAAA&oh=00_AfB5_hbSda2eHoJuJh16fI_IjLNOSwmTWZYMAOnPtKnZLw&oe=64B95274
218,https://scontent-iad3-1.cdninstagram.com/v/t51.29350-15/337327228_5952319184843759_2655204367709090928_n.jpg?_nc_cat=107&ccb=1-7&_nc_sid=8ae9d6&_nc_ohc=ATOZwnQ1BXYAX87ZWqu&_nc_ht=scontent-iad3-1.cdninstagram.com&edm=ANo9K5cEAAAA&oh=00_AfDwIypumm89vCA47lL-qETNS8_KWntqJu7azpf-XmG2bA&oe=64B8F01E
217,https://scontent-iad3-1.cdninstagram.com/v/t51.29350-15/337524656_595395915968318_8561458447085649657_n.jpg?_nc_cat=104&ccb=1-7&_nc_sid=8ae9d6&_nc_ohc=qLFWhslrwmwAX9kANM4&_nc_ht=scontent-iad3-1.cdninstagram.com&edm=ANo9K5cEAAAA&oh=00_AfAtJ0osplYcKlVmcHNQiCj6MW59kGiotuziIyZS83EQAg&oe=64B93937
216,https://scontent-iad3-2.cdninstagram.com/v/t51.29350-15/336937692_1194795064733160_2587704173424056527_n.jpg?_nc_cat=103&ccb=1-7&_nc_sid=8ae9d6&_nc_ohc=xTT08iY5LewAX8oDkG0&_nc_ht=scontent-iad3-2.cdninstagram.com&edm=ANo9K5cEAAAA&oh=00_AfCG9EPazoZwHAeZpQk0ycLicQv7S_GGshKTrnEK5I0e4g&oe=64B8A5BE
215,https://scontent-iad3-1.cdninstagram.com/v/t51.29350-15/337184501_230729809466553_1887512827650442154_n.jpg?_nc_cat=102&ccb=1-7&_nc_sid=8ae9d6&_nc_ohc=64Jh8uoIX9QAX9yvM2k&_nc_ht=scontent-iad3-1.cdninstagram.com&edm=ANo9K5cEAAAA&oh=00_AfBcWGlNrHR_WuNHKDvJ2VkKXMWjWr62OpAp5aRNNT0VPQ&oe=64B9DAF4
214,https://scontent-iad3-1.cdninstagram.com/v/t51.29350-15/337438991_1400625687438656_2959952892640479547_n.jpg?_nc_cat=101&ccb=1-7&_nc_sid=8ae9d6&_nc_ohc=YELXoxPEQj8AX_gsYOQ&_nc_oc=AQmlQn2GZO2BsQNmX22QaGW8HKP1xSo0IBaCtJr0hcpyJRFHDUY3quVhky2u2JlGFr8&_nc_ht=scontent-iad3-1.cdninstagram.com&edm=ANo9K5cEAAAA&oh=00_AfDADFxHowqnhKAl6SI_n7ZlHpoJha40OdBNGwBIQiELQg&oe=64B99598
213,https://scontent-iad3-1.cdninstagram.com/v/t51.29350-15/337155362_1456788221519011_1068869018374917125_n.jpg?_nc_cat=101&ccb=1-7&_nc_sid=8ae9d6&_nc_ohc=w3yAcQqU-kAAX80tX0A&_nc_ht=scontent-iad3-1.cdninstagram.com&edm=ANo9K5cEAAAA&oh=00_AfDsjt-e2VRoNecOqGfbcqw5wSaQFlu-WM_ApvzL3nugPQ&oe=64B8E958
212,https://scontent-iad3-2.cdninstagram.com/v/t51.29350-15/337358952_777485926938920_6331970357624464508_n.jpg?_nc_cat=111&ccb=1-7&_nc_sid=8ae9d6&_nc_ohc=rw4nWUWLyE8AX-shjre&_nc_ht=scontent-iad3-2.cdninstagram.com&edm=ANo9K5cEAAAA&oh=00_AfBHGfFUUn31-IjoNyGIUFGbA5wj3FRnuZ3Vj_ecsPmNbw&oe=64B96E1F
211,https://scontent-iad3-2.cdninstagram.com/v/t51.29350-15/336947827_1817583938744688_8608771960023438047_n.jpg?_nc_cat=103&ccb=1-7&_nc_sid=8ae9d6&_nc_ohc=yF5_ARRBoJ4AX_Mt6VG&_nc_ht=scontent-iad3-2.cdninstagram.com&edm=ANo9K5cEAAAA&oh=00_AfCKIFOQD146zYB-dr8_E72Mpnht-l7KQdeTu6L8KkOR6Q&oe=64B8F4EC
210,https://scontent-iad3-2.cdninstagram.com/v/t51.29350-15/336980510_975650290093079_940103641946785007_n.jpg?_nc_cat=103&ccb=1-7&_nc_sid=8ae9d6&_nc_ohc=G-AyhJy1ovEAX_BurIc&_nc_ht=scontent-iad3-2.cdninstagram.com&edm=ANo9K5cEAAAA&oh=00_AfDKHd2vORcXRG30QPlw7s2iMg721vs8hg4rbIxQ9OjRPA&oe=64B86FE7
209,https://scontent-iad3-1.cdninstagram.com/v/t51.29350-15/337159915_1198219204399733_8743909076459240631_n.jpg?_nc_cat=107&ccb=1-7&_nc_sid=8ae9d6&_nc_ohc=vQoVvepY7UkAX8wjc3j&_nc_ht=scontent-iad3-1.cdninstagram.com&edm=ANo9K5cEAAAA&oh=00_AfDAoH0xRfJ3m_jgr-x00ZZSmIBll6VeTOM1MO13uq8bVA&oe=64B9FAED
208,https://scontent-iad3-1.cdninstagram.com/v/t51.29350-15/336501433_910567173592851_4509935323570380917_n.jpg?_nc_cat=107&ccb=1-7&_nc_sid=8ae9d6&_nc_ohc=oYOv8tevo3sAX_gN0bQ&_nc_ht=scontent-iad3-1.cdninstagram.com&edm=ANo9K5cEAAAA&oh=00_AfBjEcyW5ULOgEtsM_Yq2TRcW7OXH7Pt-cXA6IIH0t-NEw&oe=64B9F70A
207,https://scontent-iad3-1.cdninstagram.com/v/t51.29350-15/336491794_169945712144032_2131853058672981744_n.jpg?_nc_cat=109&ccb=1-7&_nc_sid=8ae9d6&_nc_ohc=V2oGYWqbG6sAX94dSUQ&_nc_ht=scontent-iad3-1.cdninstagram.com&edm=ANo9K5cEAAAA&oh=00_AfDoPV9zxU2DGKSBbJocinfZF9KdpHXXHanlV_VAJkedCA&oe=64B845D9
206,https://scontent-iad3-1.cdninstagram.com/v/t51.29350-15/337150981_1910966519256889_6305300773513903619_n.jpg?_nc_cat=104&ccb=1-7&_nc_sid=8ae9d6&_nc_ohc=dee_bYpudA8AX-2DwjU&_nc_ht=scontent-iad3-1.cdninstagram.com&edm=ANo9K5cEAAAA&oh=00_AfCTTzd_q8OKecXDcFlELi3pPdq3iX4cFPimDiLfHNqq7A&oe=64B9C145
205,https://scontent-iad3-1.cdninstagram.com/v/t51.29350-15/337142018_1216626455894076_2630425399826126388_n.jpg?_nc_cat=107&ccb=1-7&_nc_sid=8ae9d6&_nc_ohc=9Jb7RVmEzUsAX9OFx9I&_nc_ht=scontent-iad3-1.cdninstagram.com&edm=ANo9K5cEAAAA&oh=00_AfBLHPYYGwzCo5QViIf1Bn6W9vWrlwWkjCywhCRMCO5KLA&oe=64B95C92
204,https://scontent-iad3-2.cdninstagram.com/v/t51.29350-15/336950086_234800499005119_38649840530105219_n.jpg?_nc_cat=105&ccb=1-7&_nc_sid=8ae9d6&_nc_ohc=7KtA2M62pF0AX8vBR9g&_nc_ht=scontent-iad3-2.cdninstagram.com&edm=ANo9K5cEAAAA&oh=00_AfBLuqI2vhTfOvrDZwXFw2etMrzKTgs68-if1IOycSGGig&oe=64B847A6
203,https://scontent-iad3-2.cdninstagram.com/v/t51.29350-15/336024205_969613734317801_8967231267169378849_n.jpg?_nc_cat=106&ccb=1-7&_nc_sid=8ae9d6&_nc_ohc=tIbB--_UGQsAX--79l1&_nc_ht=scontent-iad3-2.cdninstagram.com&edm=ANo9K5cEAAAA&oh=00_AfAMh0KEdUJokfXhnGmROzaaUEw5Yyqi_Nc7nyYS6rlNqw&oe=64B88585
202,https://scontent-iad3-2.cdninstagram.com/v/t51.29350-15/336317498_741725684313777_1221253759499786402_n.jpg?_nc_cat=100&ccb=1-7&_nc_sid=8ae9d6&_nc_ohc=b7uSE3qicMoAX8FRI_t&_nc_ht=scontent-iad3-2.cdninstagram.com&edm=ANo9K5cEAAAA&oh=00_AfDvJMdSbld5HZeIyr9_9F0VjWrzvNAkiHgIVk7cNfnOqA&oe=64B93927
201,https://scontent-iad3-2.cdninstagram.com/v/t51.29350-15/336306731_203202775651327_1826874087722601705_n.jpg?_nc_cat=106&ccb=1-7&_nc_sid=8ae9d6&_nc_ohc=yPFSAgAKFdoAX9DJPrE&_nc_ht=scontent-iad3-2.cdninstagram.com&edm=ANo9K5cEAAAA&oh=00_AfBlLiU062PRfMux5nN2oySIyZOj9ngpu2mbPdjw0t-uqg&oe=64B9994F
200,https://scontent-iad3-1.cdninstagram.com/v/t51.29350-15/336027346_748676043452064_5859565907319137732_n.jpg?_nc_cat=110&ccb=1-7&_nc_sid=8ae9d6&_nc_ohc=VycGbY9bhfAAX-pZ1Fv&_nc_ht=scontent-iad3-1.cdninstagram.com&edm=ANo9K5cEAAAA&oh=00_AfAp-vhKrqWFw425SDT8C44d1fhKzBEohJdIt2L7l2teRg&oe=64B9CFCD
199,https://scontent-iad3-1.cdninstagram.com/v/t51.29350-15/336246643_1663095740810527_1172715685227222008_n.jpg?_nc_cat=107&ccb=1-7&_nc_sid=8ae9d6&_nc_ohc=DD5lsUctolUAX9ctV0I&_nc_ht=scontent-iad3-1.cdninstagram.com&edm=ANo9K5cEAAAA&oh=00_AfBHzi6N4XN0K9Y1XoYT9POpEF9Axzfx6v802tQ5SiE0XQ&oe=64B89130
198,https://scontent-iad3-1.cdninstagram.com/v/t51.29350-15/336246636_1400437694046291_6029259734676005366_n.jpg?_nc_cat=101&ccb=1-7&_nc_sid=8ae9d6&_nc_ohc=z9EzXzv8hgIAX8YYTdD&_nc_ht=scontent-iad3-1.cdninstagram.com&edm=ANo9K5cEAAAA&oh=00_AfDWK0ToSP7zgjZM6w1nFkCNRoVqQ_tX_ZyXWBMVhKuFxQ&oe=64B94600
197,https://scontent-iad3-2.cdninstagram.com/v/t51.29350-15/335922748_991251195381223_5544850670997519039_n.jpg?_nc_cat=103&ccb=1-7&_nc_sid=8ae9d6&_nc_ohc=mLo-9qtyzlAAX_dma5m&_nc_ht=scontent-iad3-2.cdninstagram.com&edm=ANo9K5cEAAAA&oh=00_AfDEI1I1mu2WFSqjEEJoHS4k7BJIaKrfBashyVp5Pd36PA&oe=64B9EA68
196,https://scontent-iad3-2.cdninstagram.com/v/t51.29350-15/336342497_118026261236790_8751410045533387802_n.jpg?_nc_cat=105&ccb=1-7&_nc_sid=8ae9d6&_nc_ohc=eMmI_H_qV5AAX8M6nWp&_nc_ht=scontent-iad3-2.cdninstagram.com&edm=ANo9K5cEAAAA&oh=00_AfCDZ_uuEoiougcSrLj8weRlBqWf_v0YIS71Dn4B1Ouo-w&oe=64B8C271
195,https://scontent-iad3-1.cdninstagram.com/v/t51.29350-15/335986186_1571255463368485_5097107601160939223_n.jpg?_nc_cat=101&ccb=1-7&_nc_sid=8ae9d6&_nc_ohc=uTrSl2svJ7YAX9lNGkR&_nc_ht=scontent-iad3-1.cdninstagram.com&edm=ANo9K5cEAAAA&oh=00_AfBr2JlcoNKPPE1s93A8E2cww2ae5Of-kToL2K2SbjBHtA&oe=64B8FD11
194,https://scontent-iad3-2.cdninstagram.com/v/t51.29350-15/334076595_1093958278664037_8260760761080671306_n.jpg?_nc_cat=106&ccb=1-7&_nc_sid=8ae9d6&_nc_ohc=TMIaRTi4NqkAX_YDWCi&_nc_ht=scontent-iad3-2.cdninstagram.com&edm=ANo9K5cEAAAA&oh=00_AfAtMy1IuyNQQAsdQSDo4JTNrcY2zF1ha6zT9IGqClxi8A&oe=64B99250
193,https://scontent-iad3-2.cdninstagram.com/v/t51.29350-15/333964174_2959256634218376_6094024329856051156_n.jpg?_nc_cat=103&ccb=1-7&_nc_sid=8ae9d6&_nc_ohc=PwRCXTo_C54AX-3giQb&_nc_oc=AQlLr92yhxEjZTVLb9id4T4ndJCa3bUMcTTWjdJP7k3OaPsyYPQ7DX0dnmyxNrgOhWY&_nc_ht=scontent-iad3-2.cdninstagram.com&edm=ANo9K5cEAAAA&oh=00_AfDzP2uq9O9jtn9e7UrkHqJ2MKNCGJyyeMm4jrtUV9c2lg&oe=64B9DEDD
192,https://scontent-iad3-1.cdninstagram.com/v/t51.29350-15/332719681_219280323945591_8559405845984422982_n.jpg?_nc_cat=101&ccb=1-7&_nc_sid=8ae9d6&_nc_ohc=Hzpt3OrRHjoAX-JX4Hi&_nc_ht=scontent-iad3-1.cdninstagram.com&edm=ANo9K5cEAAAA&oh=00_AfBtyHWTLN3kN-7f4ofUlXyDWBy6_mLJDrYYOd0wWz9OAA&oe=64B93270
191,https://scontent-iad3-1.cdninstagram.com/v/t51.29350-15/332889488_167684392276867_5197556716437461715_n.jpg?_nc_cat=110&ccb=1-7&_nc_sid=8ae9d6&_nc_ohc=5kTWM-dojy0AX8HFB9e&_nc_ht=scontent-iad3-1.cdninstagram.com&edm=ANo9K5cEAAAA&oh=00_AfC2e9p2A4Pp6Fvy1mGG24w1frXuICMF3M8pNbAAi6iCdA&oe=64B9B986
190,https://scontent-iad3-1.cdninstagram.com/v/t51.29350-15/332506950_146890291575408_1617766493589029213_n.jpg?_nc_cat=101&ccb=1-7&_nc_sid=8ae9d6&_nc_ohc=IHoTe8hzxt0AX86pOtk&_nc_ht=scontent-iad3-1.cdninstagram.com&edm=ANo9K5cEAAAA&oh=00_AfDWKYq95kBL0e8o7N65W7z1BIRefSjqZ_VQjJCF2gSqsg&oe=64B9EE52
189,https://scontent-iad3-2.cdninstagram.com/v/t51.29350-15/332557033_911024923648176_5859267264427463191_n.jpg?_nc_cat=103&ccb=1-7&_nc_sid=8ae9d6&_nc_ohc=kEowfZkKzAgAX-mGtqd&_nc_oc=AQlalI6JDNBOL4AyboF_G8iLX_wGU4H78dsvvEDL5jTbn8miwEQDTCuo0YXVYoluiCo&_nc_ht=scontent-iad3-2.cdninstagram.com&edm=ANo9K5cEAAAA&oh=00_AfB1LIhtUpkkPrZH9SjaZTd7nR-9YAP-3y7lKfNGtv3XIQ&oe=64B99C23
188,https://scontent-iad3-1.cdninstagram.com/v/t51.29350-15/332258153_1264500257797744_6501446545777750373_n.jpg?_nc_cat=101&ccb=1-7&_nc_sid=8ae9d6&_nc_ohc=tkf_VCgpfLwAX-G0_zi&_nc_ht=scontent-iad3-1.cdninstagram.com&edm=ANo9K5cEAAAA&oh=00_AfCq9NFQExsmUx1wL4eOHfJMFdG8CF-wRt_Gc-mn7l8Icw&oe=64B84808
187,https://scontent-iad3-1.cdninstagram.com/v/t51.29350-15/332008061_223948876664968_6722008308800437106_n.jpg?_nc_cat=109&ccb=1-7&_nc_sid=8ae9d6&_nc_ohc=SNeZE4SFqZoAX9T_IO_&_nc_ht=scontent-iad3-1.cdninstagram.com&edm=ANo9K5cEAAAA&oh=00_AfDG6V3523tn3cLjej0InCn1mE1nAcwMpAbgCOHEUVZL4Q&oe=64B8CE2F
186,https://scontent-iad3-2.cdninstagram.com/v/t51.29350-15/332155920_727593909013984_2480726664876702187_n.jpg?_nc_cat=106&ccb=1-7&_nc_sid=8ae9d6&_nc_ohc=dPQ82FlHkIgAX_k3JrY&_nc_ht=scontent-iad3-2.cdninstagram.com&edm=ANo9K5cEAAAA&oh=00_AfCONX7WwBTEpZbnd598BFeaa-roHkBGr4mXF1aCfWznYg&oe=64B8578D
185,https://scontent-iad3-2.cdninstagram.com/v/t51.29350-15/331748715_719949916339632_5688749958057258689_n.jpg?_nc_cat=111&ccb=1-7&_nc_sid=8ae9d6&_nc_ohc=i39neCQCoDAAX_9eP3L&_nc_ht=scontent-iad3-2.cdninstagram.com&edm=ANo9K5cEAAAA&oh=00_AfCCdI5an0iAMpCzf65bELa1XTVvwvCzsR43OyTl-3tNVA&oe=64BA288C
184,https://scontent-iad3-1.cdninstagram.com/v/t51.29350-15/330820127_514889780790928_5888070317257827991_n.jpg?_nc_cat=109&ccb=1-7&_nc_sid=8ae9d6&_nc_ohc=M4sDwW6-E74AX-_PEdl&_nc_ht=scontent-iad3-1.cdninstagram.com&edm=ANo9K5cEAAAA&oh=00_AfAMhqI110z_4zo1T2YsJcEhfsj8lRk3J4kUOhNMy9slJA&oe=64BA2861
183,https://scontent-iad3-1.cdninstagram.com/v/t51.29350-15/330942445_620138869950152_2675240885541317748_n.jpg?_nc_cat=102&ccb=1-7&_nc_sid=8ae9d6&_nc_ohc=9L61DgCpkscAX85IMO_&_nc_ht=scontent-iad3-1.cdninstagram.com&edm=ANo9K5cEAAAA&oh=00_AfCBT3cEjQtOxGEt8e5sqjAlo_cTF1xDtrablhUugB5BnQ&oe=64B8B7B9
182,https://scontent-iad3-1.cdninstagram.com/v/t51.29350-15/330853378_156388760186422_7090770478403943540_n.jpg?_nc_cat=110&ccb=1-7&_nc_sid=8ae9d6&_nc_ohc=QKBrJanWlkgAX9cVlVX&_nc_ht=scontent-iad3-1.cdninstagram.com&edm=ANo9K5cEAAAA&oh=00_AfDPDpRz94Vvu3oPtXdQcjTLLElaZabxku9W5x3BJcy6ow&oe=64BA0D9C
181,https://scontent-iad3-2.cdninstagram.com/v/t51.29350-15/330855609_6016625698403134_6508477503070991430_n.jpg?_nc_cat=111&ccb=1-7&_nc_sid=8ae9d6&_nc_ohc=1hHPvsNDAQMAX8Lyha9&_nc_ht=scontent-iad3-2.cdninstagram.com&edm=ANo9K5cEAAAA&oh=00_AfBqH08By03IYlGOsIQR7eypu2vbSl8r1e5kre_GuSyJaQ&oe=64B99E35
180,https://scontent-iad3-2.cdninstagram.com/v/t51.29350-15/330350618_896167121632779_5833765113984166819_n.jpg?_nc_cat=106&ccb=1-7&_nc_sid=8ae9d6&_nc_ohc=Z2IZhDRGxD8AX8yafbh&_nc_ht=scontent-iad3-2.cdninstagram.com&edm=ANo9K5cEAAAA&oh=00_AfBQnEc3zZBhn_7hVqPjU7maA0L57M1gTG_-ttNHsdb1dQ&oe=64B85F89
179,https://scontent-iad3-2.cdninstagram.com/v/t51.29350-15/330298054_183618604283171_7168715405424839211_n.jpg?_nc_cat=103&ccb=1-7&_nc_sid=8ae9d6&_nc_ohc=6eyRCwQcbKwAX-Y6Icf&_nc_oc=AQk2HR_Qd8JcoVL_k7LO_1lxayTQ2bTSp01ZxFPPiRdvHnl7YVFaUXF31eng93A9wYw&_nc_ht=scontent-iad3-2.cdninstagram.com&edm=ANo9K5cEAAAA&oh=00_AfAfBacUBTsevq37Nq03JInTa5mKmxhZhbDYgfi7hZKfng&oe=64BA0E36
178,https://scontent-iad3-2.cdninstagram.com/v/t51.29350-15/330376632_754179166235038_2019142996715437785_n.jpg?_nc_cat=100&ccb=1-7&_nc_sid=8ae9d6&_nc_ohc=W8XopK-kVgQAX-3fx4L&_nc_ht=scontent-iad3-2.cdninstagram.com&edm=ANo9K5cEAAAA&oh=00_AfBloAZrDLlSTl8whK1jdGe9oORChOvODd3HFiJp1vL16g&oe=64B9F0A5
177,https://scontent-iad3-2.cdninstagram.com/v/t51.29350-15/330382446_1890808841265297_2952116360734111927_n.jpg?_nc_cat=105&ccb=1-7&_nc_sid=8ae9d6&_nc_ohc=ZXZlA2K5a0QAX--J1H7&_nc_ht=scontent-iad3-2.cdninstagram.com&edm=ANo9K5cEAAAA&oh=00_AfAM9_M8DXyxUbMfyqzKDttGkkj3o2tRi1MtVTbCTZ7fQA&oe=64B89CF3
176,https://scontent-iad3-1.cdninstagram.com/v/t51.29350-15/329746482_1146891459343175_3021425020930769270_n.jpg?_nc_cat=104&ccb=1-7&_nc_sid=8ae9d6&_nc_ohc=3QKTQa0uFXAAX9YA2Dc&_nc_ht=scontent-iad3-1.cdninstagram.com&edm=ANo9K5cEAAAA&oh=00_AfD8iylUzM42t8xaKtX85fuoTkyXLrHMBg3oOenz9aDRaw&oe=64B8E488
175,https://scontent-iad3-1.cdninstagram.com/v/t51.29350-15/328420629_910303713338287_5420137472982170123_n.jpg?_nc_cat=107&ccb=1-7&_nc_sid=8ae9d6&_nc_ohc=AKFjNQby3q8AX8yzOR-&_nc_ht=scontent-iad3-1.cdninstagram.com&edm=ANo9K5cEAAAA&oh=00_AfDEiSqwZ5TuGYcWMHqwzeWvdBuPyP00tcaBCwhVaaHBNA&oe=64B8D6FE
174,https://scontent-iad3-2.cdninstagram.com/v/t51.29350-15/328261270_1162693044383045_6354393524250233632_n.jpg?_nc_cat=100&ccb=1-7&_nc_sid=8ae9d6&_nc_ohc=xM4rl8PwuUgAX-4YsfW&_nc_ht=scontent-iad3-2.cdninstagram.com&edm=ANo9K5cEAAAA&oh=00_AfB6tHYnPovKKbt23dSiwDIxbm69O4E7TDYNA55Mq03gJw&oe=64B890CF
173,https://scontent-iad3-2.cdninstagram.com/v/t51.29350-15/328837803_238641658505227_7678122079219608841_n.jpg?_nc_cat=105&ccb=1-7&_nc_sid=8ae9d6&_nc_ohc=yxBG__mp1lMAX-_dv8Q&_nc_ht=scontent-iad3-2.cdninstagram.com&edm=ANo9K5cEAAAA&oh=00_AfDp9Sm-LkLvewjDWj1z4uZ5smwnK4rS2NrRPuLeG-W8Ug&oe=64B917AC
172,https://scontent-iad3-1.cdninstagram.com/v/t51.29350-15/329206864_946750023180131_2846582175755311963_n.jpg?_nc_cat=104&ccb=1-7&_nc_sid=8ae9d6&_nc_ohc=WhppAW7k3CUAX_Tigf3&_nc_ht=scontent-iad3-1.cdninstagram.com&edm=ANo9K5cEAAAA&oh=00_AfCh-0gfuvGo_OadkqZEFlCAwT3Fu7BjScYFf9hbgtEtEA&oe=64B98BF2
171,https://scontent-iad3-1.cdninstagram.com/v/t51.29350-15/328723552_3326559407609781_2140907557863254944_n.jpg?_nc_cat=109&ccb=1-7&_nc_sid=8ae9d6&_nc_ohc=KzPiigXIVUQAX_a1-_S&_nc_ht=scontent-iad3-1.cdninstagram.com&edm=ANo9K5cEAAAA&oh=00_AfD5TTaex51H14lciXD8DbcdRSFGN0ZrNOPy9qH3QRR39g&oe=64B96A98
170,https://scontent-iad3-1.cdninstagram.com/v/t51.29350-15/328569841_1282798772298794_4476533343423809311_n.jpg?_nc_cat=107&ccb=1-7&_nc_sid=8ae9d6&_nc_ohc=H06sl3tAylcAX_LL0qq&_nc_ht=scontent-iad3-1.cdninstagram.com&edm=ANo9K5cEAAAA&oh=00_AfCgH1Y6XruTkuHNWggnTvMWzsuZgoRnspXVtoDb7HXhew&oe=64B95E47
169,https://scontent-iad3-1.cdninstagram.com/v/t51.29350-15/328169743_721461909688573_4826404912654261037_n.jpg?_nc_cat=110&ccb=1-7&_nc_sid=8ae9d6&_nc_ohc=yQ0jvqkr1BYAX8A45Wn&_nc_ht=scontent-iad3-1.cdninstagram.com&edm=ANo9K5cEAAAA&oh=00_AfAcAcHtVjBMTjxjlFG4F-4Erbuo1x6gyyLDV00V_X2Nwg&oe=64BA0C5A
168,https://scontent-iad3-1.cdninstagram.com/v/t51.29350-15/328179524_872747857275868_6390493456294859152_n.jpg?_nc_cat=107&ccb=1-7&_nc_sid=8ae9d6&_nc_ohc=zG-eTZ628t0AX-uwPGC&_nc_ht=scontent-iad3-1.cdninstagram.com&edm=ANo9K5cEAAAA&oh=00_AfAEyG1unKHnH_Iv7nAbrER19blLdGxOnuJx9qmzssasug&oe=64B8FBBA
167,https://scontent-iad3-2.cdninstagram.com/v/t51.29350-15/328454081_184322624287004_4208233911767721171_n.jpg?_nc_cat=105&ccb=1-7&_nc_sid=8ae9d6&_nc_ohc=DWjoVFIerqsAX_dwiZO&_nc_ht=scontent-iad3-2.cdninstagram.com&edm=ANo9K5cEAAAA&oh=00_AfDmmS6ATDN6trxn-YMTj2-dFi0G_MZy1slT8ANcUhHoPw&oe=64B9C706
166,https://scontent-iad3-1.cdninstagram.com/v/t51.29350-15/328085257_740594854151858_1083921048044679177_n.jpg?_nc_cat=102&ccb=1-7&_nc_sid=8ae9d6&_nc_ohc=o0QsY-j7iAQAX8J6Q24&_nc_ht=scontent-iad3-1.cdninstagram.com&edm=ANo9K5cEAAAA&oh=00_AfANjZg7L2-THNW63_5Ra_b-pzpy63-04Ek-EI8zUjevDw&oe=64B97611
165,https://scontent-iad3-1.cdninstagram.com/v/t51.29350-15/327757627_196824346262918_4013422830370125411_n.jpg?_nc_cat=102&ccb=1-7&_nc_sid=8ae9d6&_nc_ohc=5v-JG3pUoccAX_BcPqL&_nc_ht=scontent-iad3-1.cdninstagram.com&edm=ANo9K5cEAAAA&oh=00_AfDJjis2VXn2OHbCCqjzoDY-S1ybOJkQIHlhgQ6Uu0ooYQ&oe=64B999CD
164,https://scontent-iad3-2.cdninstagram.com/v/t51.29350-15/327616452_1392771041531153_652367516173687904_n.jpg?_nc_cat=105&ccb=1-7&_nc_sid=8ae9d6&_nc_ohc=26T7zO-Id6IAX8sMX9A&_nc_ht=scontent-iad3-2.cdninstagram.com&edm=ANo9K5cEAAAA&oh=00_AfBxwT5ShBg8kriGWf1Tg9MCrcl8sGmZTtffvd4eniRURQ&oe=64B8951F
163,https://scontent-iad3-1.cdninstagram.com/v/t51.29350-15/327571302_107012422245182_3001124042763849529_n.jpg?_nc_cat=107&ccb=1-7&_nc_sid=8ae9d6&_nc_ohc=RAfcvGbQGWYAX_m2LVz&_nc_ht=scontent-iad3-1.cdninstagram.com&edm=ANo9K5cEAAAA&oh=00_AfAaRDQ08-UdE3DpC-fEn2VLcPeV08hf2hDQmKh7vzwUXg&oe=64B8788C
162,https://scontent-iad3-1.cdninstagram.com/v/t51.29350-15/327208251_5957538770975504_752745262577391084_n.jpg?_nc_cat=104&ccb=1-7&_nc_sid=8ae9d6&_nc_ohc=Ikkea2b0jAIAX-fwYex&_nc_ht=scontent-iad3-1.cdninstagram.com&edm=ANo9K5cEAAAA&oh=00_AfBTVGpZ7EQhVPz3LjOaYLrPp-99G2fY3qc11jdqpvMmQg&oe=64B8C71B
161,https://scontent-iad3-1.cdninstagram.com/v/t51.29350-15/327723408_886679309143707_165878454042240561_n.jpg?_nc_cat=102&ccb=1-7&_nc_sid=8ae9d6&_nc_ohc=LT8Gy04PMv4AX8FNqv6&_nc_oc=AQmYAqp68DCq2rWt8-AlUbnA1jH2DeJyEfLHyjp2asmem3EdEGiRpvvrM44IaqS2mE4&_nc_ht=scontent-iad3-1.cdninstagram.com&edm=ANo9K5cEAAAA&oh=00_AfA8nfrYn3Be-OX7ge4T8wTZcvz6sYt4s9Q884od2HI6VA&oe=64B93D05
160,https://scontent-iad3-2.cdninstagram.com/v/t51.29350-15/326771329_1138113160220669_5022575260614825530_n.jpg?_nc_cat=106&ccb=1-7&_nc_sid=8ae9d6&_nc_ohc=q85TEV_A384AX_9BARW&_nc_ht=scontent-iad3-2.cdninstagram.com&edm=ANo9K5cEAAAA&oh=00_AfBqrMnqvXqZzHNwG2g58LNx-zHZxRMF3UWnoWrYl94exA&oe=64BA265C
159,https://scontent-iad3-1.cdninstagram.com/v/t51.29350-15/327322907_217038694059522_443836575565065243_n.jpg?_nc_cat=110&ccb=1-7&_nc_sid=8ae9d6&_nc_ohc=rAR221esfZYAX-IaWd_&_nc_ht=scontent-iad3-1.cdninstagram.com&edm=ANo9K5cEAAAA&oh=00_AfCfrBIzQ5vHEsOF9kZYWoDvePJ6K-YlcoFLk_mYwlngmQ&oe=64B983F5
158,https://scontent-iad3-1.cdninstagram.com/v/t51.29350-15/326532216_1449311742476361_2052317825221907512_n.jpg?_nc_cat=108&ccb=1-7&_nc_sid=8ae9d6&_nc_ohc=6FGcNzME3n8AX8Tgm3f&_nc_ht=scontent-iad3-1.cdninstagram.com&edm=ANo9K5cEAAAA&oh=00_AfCqD9Mf8p4xIl-rap0fyLuQYAAOyIV-QYxrIYJWzQOUVw&oe=64B90230
157,https://scontent-iad3-2.cdninstagram.com/v/t51.29350-15/326600125_1578648222609364_8047512496736408287_n.jpg?_nc_cat=106&ccb=1-7&_nc_sid=8ae9d6&_nc_ohc=gJo7kXNERKEAX-2GgnQ&_nc_ht=scontent-iad3-2.cdninstagram.com&edm=ANo9K5cEAAAA&oh=00_AfCkExVBwzlKnaCN2tDZPa6AJ2aOLpLJwSUFcRnPzDs_vg&oe=64B909A4
156,https://scontent-iad3-1.cdninstagram.com/v/t51.29350-15/326076364_861031281815816_2863454469257685747_n.jpg?_nc_cat=102&ccb=1-7&_nc_sid=8ae9d6&_nc_ohc=iY-FnOEb-40AX8HnHOT&_nc_ht=scontent-iad3-1.cdninstagram.com&edm=ANo9K5cEAAAA&oh=00_AfADz8h-lXGPuEmBcqoBIiw2a812ZY54po6Sy0qxozhC1Q&oe=64B9D045
155,https://scontent-iad3-1.cdninstagram.com/v/t51.29350-15/325891320_189814593702565_1949193339158252566_n.jpg?_nc_cat=110&ccb=1-7&_nc_sid=8ae9d6&_nc_ohc=MtKOqLeCjGMAX-YRSBF&_nc_ht=scontent-iad3-1.cdninstagram.com&edm=ANo9K5cEAAAA&oh=00_AfDcVRIYbTO3N-X6bYINY8-W7W_EjCrXizqoUw4qYYZHdw&oe=64BA162E
154,https://scontent-iad3-1.cdninstagram.com/v/t51.29350-15/326005130_902411754114857_767590794917405453_n.jpg?_nc_cat=110&ccb=1-7&_nc_sid=8ae9d6&_nc_ohc=kY5IlOMXRXIAX-Pqu3Z&_nc_ht=scontent-iad3-1.cdninstagram.com&edm=ANo9K5cEAAAA&oh=00_AfBhGLNSdyrD3E67VZ6pwUp3dAiRnSb7Mlzk418dQcZpMQ&oe=64B9F88B
153,https://scontent-iad3-1.cdninstagram.com/v/t51.29350-15/325707282_1202135347086356_115967353715000955_n.jpg?_nc_cat=110&ccb=1-7&_nc_sid=8ae9d6&_nc_ohc=PdBmqg37P9kAX9kvyDc&_nc_ht=scontent-iad3-1.cdninstagram.com&edm=ANo9K5cEAAAA&oh=00_AfDlUCDgtWPmtyYYriN00007xwiB7RtCVtIRMH7lQUXsaw&oe=64B9E394
152,https://scontent-iad3-2.cdninstagram.com/v/t51.29350-15/325502514_877859073538545_2756715431946206023_n.jpg?_nc_cat=105&ccb=1-7&_nc_sid=8ae9d6&_nc_ohc=XsHiRyLcwgoAX938UUK&_nc_ht=scontent-iad3-2.cdninstagram.com&edm=ANo9K5cEAAAA&oh=00_AfAGlmngfmUlZRKdfIjSYsxUv-IelXOzwEqKoszKPGHRKw&oe=64B9417E
151,https://scontent-iad3-1.cdninstagram.com/v/t51.29350-15/325580684_881616519649212_1149183487757786498_n.jpg?_nc_cat=109&ccb=1-7&_nc_sid=8ae9d6&_nc_ohc=XCkQT3hzaLoAX9j-faX&_nc_ht=scontent-iad3-1.cdninstagram.com&edm=ANo9K5cEAAAA&oh=00_AfBM5LNRalRrxAggslxMpUwiBDTdScvfJ11Gf2rph9beww&oe=64B934A1
150,https://scontent-iad3-2.cdninstagram.com/v/t51.29350-15/325291179_531679682270801_169542597444766176_n.jpg?_nc_cat=105&ccb=1-7&_nc_sid=8ae9d6&_nc_ohc=tG_-ihs4c_UAX_ptvcE&_nc_ht=scontent-iad3-2.cdninstagram.com&edm=ANo9K5cEAAAA&oh=00_AfDgdgX8sANBLfEmBhrPot7CFH_1QUuQtOqeNC3r7M9KyQ&oe=64B97EB0
149,https://scontent-iad3-2.cdninstagram.com/v/t51.29350-15/321119438_580328130595056_3942688089194596378_n.jpg?_nc_cat=111&ccb=1-7&_nc_sid=8ae9d6&_nc_ohc=vMXkr3R4ANAAX8BCCQq&_nc_ht=scontent-iad3-2.cdninstagram.com&edm=ANo9K5cEAAAA&oh=00_AfDIKNSKjBxy9K70HBTYzEBpH3L0_e7vyTlyauWasKoYKg&oe=64B9A24A
148,https://scontent-iad3-2.cdninstagram.com/v/t51.29350-15/325235891_5870257046386212_343311829892942186_n.jpg?_nc_cat=103&ccb=1-7&_nc_sid=8ae9d6&_nc_ohc=Kg03100g7CoAX_DsR_e&_nc_ht=scontent-iad3-2.cdninstagram.com&edm=ANo9K5cEAAAA&oh=00_AfCHTIGQ7aJ6h2jZA7QHttb34rp8WwTZuFqEUvcbarfaVA&oe=64B8FD82
147,https://scontent-iad3-1.cdninstagram.com/v/t51.29350-15/324712882_1125982961435112_6137706542465176438_n.jpg?_nc_cat=101&ccb=1-7&_nc_sid=8ae9d6&_nc_ohc=TA-myKlX0S0AX_str95&_nc_ht=scontent-iad3-1.cdninstagram.com&edm=ANo9K5cEAAAA&oh=00_AfDcchIxRAKD7EsqbIOefxXv34HWDMOsdzTiLr9lENLQwQ&oe=64B9B64C
146,https://scontent-iad3-1.cdninstagram.com/v/t51.29350-15/324543623_107510208846348_1832227079398669363_n.jpg?_nc_cat=102&ccb=1-7&_nc_sid=8ae9d6&_nc_ohc=6KCIRqHVsr8AX8yjkiR&_nc_ht=scontent-iad3-1.cdninstagram.com&edm=ANo9K5cEAAAA&oh=00_AfCNkqBHReDgIJuZmY75X8kg90CrRsM8A7Ba5IR5QNZxsA&oe=64B9AAAC
145,https://scontent-iad3-2.cdninstagram.com/v/t51.29350-15/324299143_555348492940045_8121159007332147633_n.jpg?_nc_cat=111&ccb=1-7&_nc_sid=8ae9d6&_nc_ohc=_yPrsFlHZfYAX-zs3d0&_nc_oc=AQlhZn3ANl1jsUSVs0ti5y61A1AQ7tCZwfya9uueVjumX8cTORQaQluwNJut6JexVYU&_nc_ht=scontent-iad3-2.cdninstagram.com&edm=ANo9K5cEAAAA&oh=00_AfCQuqg3Z2MwcByTCJLbUZkJFRFJ4ErjCZh9uFvAz1i1Bw&oe=64B9C056
144,https://scontent-iad3-1.cdninstagram.com/v/t51.29350-15/324219819_1148964399322441_2289494747082680240_n.jpg?_nc_cat=110&ccb=1-7&_nc_sid=8ae9d6&_nc_ohc=ioN70Fvezi8AX-N-jnd&_nc_oc=AQllF5hR7vFV83EP0aO1fGnGBKdiCXczNY2-dN3Gf31TDPeJI5Mnpf1dTzJ0l0DygEU&_nc_ht=scontent-iad3-1.cdninstagram.com&edm=ANo9K5cEAAAA&oh=00_AfAgjaO5EYBys4V6_yMA8xgh-yKZq4zlZUbm_TlQdFvoWA&oe=64B9227D
143,https://scontent-iad3-2.cdninstagram.com/v/t51.29350-15/324285838_711762233797388_2571936545524174759_n.jpg?_nc_cat=106&ccb=1-7&_nc_sid=8ae9d6&_nc_ohc=J883LnIsgssAX9L4Y4-&_nc_ht=scontent-iad3-2.cdninstagram.com&edm=ANo9K5cEAAAA&oh=00_AfAlB8b_Br3LTZNoQVaouvKg5jj0CGq111_X6XU_Cz7zLQ&oe=64B92F15
142,https://scontent-iad3-1.cdninstagram.com/v/t51.29350-15/323772261_878603450244632_1445323603136663497_n.jpg?_nc_cat=104&ccb=1-7&_nc_sid=8ae9d6&_nc_ohc=Mm24rsT3_MUAX-HfxzN&_nc_oc=AQkIoDYTDvgWEYaqnw5hksAiOZ1XxTbUrfghxLR4FiiAAp6ate_vyMfhS2kCnHnp3ms&_nc_ht=scontent-iad3-1.cdninstagram.com&edm=ANo9K5cEAAAA&oh=00_AfBH4jxbH1CCIXPWsL1NE-pekwJ6lYM4JN0PjrvZS5TWfA&oe=64B873A0
141,https://scontent-iad3-1.cdninstagram.com/v/t51.29350-15/323752456_473945944704517_3635101441433054465_n.jpg?_nc_cat=110&ccb=1-7&_nc_sid=8ae9d6&_nc_ohc=b8sVdcLv8ikAX_-4MLh&_nc_ht=scontent-iad3-1.cdninstagram.com&edm=ANo9K5cEAAAA&oh=00_AfCbHhEjpNI23V1RNaVyjfC4tRg5uUc5NKrSsP9rnpLDDA&oe=64B9A830
140,https://scontent-iad3-1.cdninstagram.com/v/t51.29350-15/324061165_154550237006211_8245239940235198518_n.jpg?_nc_cat=110&ccb=1-7&_nc_sid=8ae9d6&_nc_ohc=-9DMS5MNAFkAX8v7fH2&_nc_ht=scontent-iad3-1.cdninstagram.com&edm=ANo9K5cEAAAA&oh=00_AfB-dtR5LeT_LZe2BG20EmZDail0up7aLqty6HPTZKUeeQ&oe=64B8995D
139,https://scontent-iad3-2.cdninstagram.com/v/t51.29350-15/323280598_143653451845418_7979541841081895151_n.jpg?_nc_cat=106&ccb=1-7&_nc_sid=8ae9d6&_nc_ohc=c-8Z548qJQkAX9T5EtB&_nc_ht=scontent-iad3-2.cdninstagram.com&edm=ANo9K5cEAAAA&oh=00_AfAPVMjRBAYMsMk-cEg6gPXbEsIoAfOxTG93nexnFv3BnA&oe=64B84AAC
138,https://scontent-iad3-2.cdninstagram.com/v/t51.29350-15/323788231_2293915700778563_4569621720680544088_n.jpg?_nc_cat=103&ccb=1-7&_nc_sid=8ae9d6&_nc_ohc=JonCopWifjAAX_sKBCO&_nc_ht=scontent-iad3-2.cdninstagram.com&edm=ANo9K5cEAAAA&oh=00_AfDMwMfWJs_xnqT1Jrbu8_A5YfXL3FHvEBLyE1aadcP2Mw&oe=64B8C8BE
137,https://scontent-iad3-1.cdninstagram.com/v/t51.29350-15/323103308_121867783907744_1192504134923897304_n.jpg?_nc_cat=107&ccb=1-7&_nc_sid=8ae9d6&_nc_ohc=eufzomfKJKIAX8bqjbE&_nc_ht=scontent-iad3-1.cdninstagram.com&edm=ANo9K5cEAAAA&oh=00_AfD9c4h8WiW6IP1ytwudgNGDXcYgaCfunXWBQShrkY98tg&oe=64B8D6A1
136,https://scontent-iad3-2.cdninstagram.com/v/t51.29350-15/323697513_212850037851688_5961008559761061759_n.jpg?_nc_cat=106&ccb=1-7&_nc_sid=8ae9d6&_nc_ohc=QYu_tpzhWsgAX-VnY_e&_nc_ht=scontent-iad3-2.cdninstagram.com&edm=ANo9K5cEAAAA&oh=00_AfBKlPTWYQE-HUigTrWNa7bJPr9kwJXbef_Uhl23X1mYww&oe=64B8F87F
135,https://scontent-iad3-2.cdninstagram.com/v/t51.29350-15/323814893_223707690001206_1629110735307966867_n.jpg?_nc_cat=106&ccb=1-7&_nc_sid=8ae9d6&_nc_ohc=_X6EGohJ75kAX-1F18o&_nc_ht=scontent-iad3-2.cdninstagram.com&edm=ANo9K5cEAAAA&oh=00_AfCEbcMl--kum4MR9tRfnwnwgHNEDDEykTAyunfqNh11Iw&oe=64B99CE2
134,https://scontent-iad3-2.cdninstagram.com/v/t51.29350-15/322659947_205260561914214_2659578756955205211_n.jpg?_nc_cat=106&ccb=1-7&_nc_sid=8ae9d6&_nc_ohc=libwNevO8m8AX8zGca_&_nc_ht=scontent-iad3-2.cdninstagram.com&edm=ANo9K5cEAAAA&oh=00_AfBZewdCFSXFRSaCKPwo_FkExDXHnj_Ix_GvCmR5vnY2Uw&oe=64B887C7
133,https://scontent-iad3-2.cdninstagram.com/v/t51.29350-15/322847226_584545980163033_953415881702210770_n.jpg?_nc_cat=106&ccb=1-7&_nc_sid=8ae9d6&_nc_ohc=WsJGeg72qq4AX8pKa9O&_nc_ht=scontent-iad3-2.cdninstagram.com&edm=ANo9K5cEAAAA&oh=00_AfBRP4-8twoWtCBx0klNsoL36iTPOclqf-qZFuWNO-Hrmw&oe=64B8EF72
132,https://scontent-iad3-1.cdninstagram.com/v/t51.29350-15/322305048_5879800125440086_5529229234408945633_n.jpg?_nc_cat=102&ccb=1-7&_nc_sid=8ae9d6&_nc_ohc=MFCnwsgBIpYAX8GwBbg&_nc_ht=scontent-iad3-1.cdninstagram.com&edm=ANo9K5cEAAAA&oh=00_AfCBdEgcs_pz9_UaMF7bD1ayCZJkXoNMlRJbay2OZNmA8A&oe=64B971AD
131,https://scontent-iad3-2.cdninstagram.com/v/t51.29350-15/321931956_725035512568021_3170993340915084837_n.jpg?_nc_cat=111&ccb=1-7&_nc_sid=8ae9d6&_nc_ohc=x7Y-BcJFgSUAX8mpwEw&_nc_ht=scontent-iad3-2.cdninstagram.com&edm=ANo9K5cEAAAA&oh=00_AfBAVG2wiIfxKIimrkFGAuNGLb_FZxSnkYIbkZVXdH-cCw&oe=64B9D812
130,https://scontent-iad3-2.cdninstagram.com/v/t51.29350-15/321713698_980202962960112_281552287350595536_n.jpg?_nc_cat=106&ccb=1-7&_nc_sid=8ae9d6&_nc_ohc=MG-Njqi-uT8AX_y-Zk4&_nc_ht=scontent-iad3-2.cdninstagram.com&edm=ANo9K5cEAAAA&oh=00_AfDXS89X1bJz1INz_oB29tKVMealamiNOrb4RVAd3TqlHA&oe=64B913A9
129,https://scontent-iad3-2.cdninstagram.com/v/t51.29350-15/322027608_521368236724083_1154069376772855427_n.jpg?_nc_cat=100&ccb=1-7&_nc_sid=8ae9d6&_nc_ohc=ICU_V7_U5YsAX_T9smq&_nc_ht=scontent-iad3-2.cdninstagram.com&edm=ANo9K5cEAAAA&oh=00_AfBWTIBgOClXEPM5SIVqe3DfBkUkKQ0oHIp3mRIiDZiEKw&oe=64B83875
128,https://scontent-iad3-2.cdninstagram.com/v/t51.29350-15/321214373_1114755542522712_333195364482454347_n.jpg?_nc_cat=103&ccb=1-7&_nc_sid=8ae9d6&_nc_ohc=TChxS5AVtrQAX9Ocarb&_nc_ht=scontent-iad3-2.cdninstagram.com&edm=ANo9K5cEAAAA&oh=00_AfA_C4NrT7hUkRBrPqREeeELlJy0NuxoazhgWkCMkpp6fQ&oe=64B9F64C
127,https://scontent-iad3-2.cdninstagram.com/v/t51.29350-15/321196036_207781461716768_4099013455206964995_n.jpg?_nc_cat=105&ccb=1-7&_nc_sid=8ae9d6&_nc_ohc=RdFA0yGLeN0AX-WEECD&_nc_ht=scontent-iad3-2.cdninstagram.com&edm=ANo9K5cEAAAA&oh=00_AfBK-zpiYZUy81zGxaC0BPOyLnLvf1735qXuumvD11f_gw&oe=64B9AF16
126,https://scontent-iad3-1.cdninstagram.com/v/t51.29350-15/320980259_2394336757391596_3366989354475794135_n.jpg?_nc_cat=102&ccb=1-7&_nc_sid=8ae9d6&_nc_ohc=5BO310kOPo0AX8DOD5D&_nc_ht=scontent-iad3-1.cdninstagram.com&edm=ANo9K5cEAAAA&oh=00_AfCndYQJqLtS8iNfSdP0OjDcKJvkbSJHNpYyK7NdMj7gpA&oe=64B9877F
125,https://scontent-iad3-1.cdninstagram.com/v/t51.29350-15/320619039_187401730548903_1226262031090659488_n.jpg?_nc_cat=108&ccb=1-7&_nc_sid=8ae9d6&_nc_ohc=0m65R7JFT0UAX891eBf&_nc_ht=scontent-iad3-1.cdninstagram.com&edm=ANo9K5cEAAAA&oh=00_AfDLRgGrtyzFknCW_V_nyFqSBP8fr0fCwneqdSCIFCdy4w&oe=64B9B438
124,https://scontent-iad3-1.cdninstagram.com/v/t51.29350-15/320434385_1322578711616286_4225522194907559514_n.jpg?_nc_cat=108&ccb=1-7&_nc_sid=8ae9d6&_nc_ohc=inrcU63LOJsAX_12Q4S&_nc_ht=scontent-iad3-1.cdninstagram.com&edm=ANo9K5cEAAAA&oh=00_AfBXyofc6pIxB0fBgecBKX1C4heTcfCvLNHsATBA50k4EA&oe=64B8DB78
123,https://scontent-iad3-2.cdninstagram.com/v/t51.29350-15/320400284_1290832048155064_7344486021293180092_n.jpg?_nc_cat=103&ccb=1-7&_nc_sid=8ae9d6&_nc_ohc=6jiYXVZFZ18AX_tA2W1&_nc_ht=scontent-iad3-2.cdninstagram.com&edm=ANo9K5cEAAAA&oh=00_AfBCPI3rRUQOm43NzP1nbBtKxiyWqNDvhL3iK2XEVZFr2g&oe=64B98C98
122,https://scontent-iad3-1.cdninstagram.com/v/t51.29350-15/320022450_214219224379632_679252729180808604_n.jpg?_nc_cat=107&ccb=1-7&_nc_sid=8ae9d6&_nc_ohc=GLz4Uc3nmjcAX8tFWbv&_nc_ht=scontent-iad3-1.cdninstagram.com&edm=ANo9K5cEAAAA&oh=00_AfBeG1krE5n25-jXvC5Iw5t6naNAKmphMwyVtnskeslfzw&oe=64B90D8D
121,https://scontent-iad3-1.cdninstagram.com/v/t51.29350-15/319912264_446649074344417_3778951229304174981_n.jpg?_nc_cat=108&ccb=1-7&_nc_sid=8ae9d6&_nc_ohc=FAxrrKQS62cAX-jwPE9&_nc_oc=AQkR__CEkwuihZaWv6Brrm_HLCyumdjbs1PLd-gM7TAKENGu6nCTO4ZcJjejgxB2Beo&_nc_ht=scontent-iad3-1.cdninstagram.com&edm=ANo9K5cEAAAA&oh=00_AfB1xhMocxsUZ_8elmAWpmuItFhpwL3ff48AqJN6q6H4OQ&oe=64B91707
120,https://scontent-iad3-2.cdninstagram.com/v/t51.29350-15/319887952_1345466966193116_4347874234633603107_n.jpg?_nc_cat=100&ccb=1-7&_nc_sid=8ae9d6&_nc_ohc=Qc2mkk61eucAX914ZfR&_nc_oc=AQlRLUbE2FINlRBWCeARdesFfWmkcFmBGzvcggV28pcxk2j105DwCCgVPZ4si5sPjP4&_nc_ht=scontent-iad3-2.cdninstagram.com&edm=ANo9K5cEAAAA&oh=00_AfA2wzbC7m5ksPixhUy5uZSif1qfGuAuvKiATYAAysRK2w&oe=64B9DBF1
119,https://scontent-iad3-1.cdninstagram.com/v/t51.29350-15/319884234_1107133246665551_6951298030985190683_n.jpg?_nc_cat=101&ccb=1-7&_nc_sid=8ae9d6&_nc_ohc=4cHVq-0lrycAX8EEf3k&_nc_ht=scontent-iad3-1.cdninstagram.com&edm=ANo9K5cEAAAA&oh=00_AfCuoxf6TKiFduQKN9I_n4f8FKiBO48Tj5Rr0O4AznurUg&oe=64B929E7
118,https://scontent-iad3-1.cdninstagram.com/v/t51.29350-15/319568154_140696908498800_375273374878728690_n.jpg?_nc_cat=101&ccb=1-7&_nc_sid=8ae9d6&_nc_ohc=pVR1-NVcz3MAX_J5Ata&_nc_ht=scontent-iad3-1.cdninstagram.com&edm=ANo9K5cEAAAA&oh=00_AfBTrtbG9AtmHgk5FgYQ72oyHOSJKh-LeJ714YCEOWp4pQ&oe=64B9C9B0
117,https://scontent-iad3-1.cdninstagram.com/v/t51.29350-15/319714353_1324282974986333_2340432794394781652_n.jpg?_nc_cat=110&ccb=1-7&_nc_sid=8ae9d6&_nc_ohc=pNKZjDTQe34AX8__jWu&_nc_ht=scontent-iad3-1.cdninstagram.com&edm=ANo9K5cEAAAA&oh=00_AfBq4nIHKBax0haFFyGSJ6gQ1QAdTZzgJwS7Uflrqjev9Q&oe=64B89947
116,https://scontent-iad3-2.cdninstagram.com/v/t51.29350-15/319110080_135817729292441_1557585801082691625_n.jpg?_nc_cat=103&ccb=1-7&_nc_sid=8ae9d6&_nc_ohc=j5hSJHPwEp0AX8VN9cV&_nc_ht=scontent-iad3-2.cdninstagram.com&edm=ANo9K5cEAAAA&oh=00_AfAeMP_G7p673Y6SgrfYsVllumc3y8Y4tJgS6xliX2qeUg&oe=64B9E1F9
115,https://scontent-iad3-2.cdninstagram.com/v/t51.29350-15/318881632_864586897914708_794354644572660097_n.jpg?_nc_cat=103&ccb=1-7&_nc_sid=8ae9d6&_nc_ohc=LlD8LO0wsvgAX-c7zNn&_nc_ht=scontent-iad3-2.cdninstagram.com&edm=ANo9K5cEAAAA&oh=00_AfAu-K5EC_VUQxrXVTK3x5t-wMyeUSx2BF5bn4itz1FLtA&oe=64B836D0
114,https://scontent-iad3-1.cdninstagram.com/v/t51.29350-15/319087059_678356910405850_7511102058468616912_n.jpg?_nc_cat=109&ccb=1-7&_nc_sid=8ae9d6&_nc_ohc=SIlJJMW2ytUAX-bqyE4&_nc_ht=scontent-iad3-1.cdninstagram.com&edm=ANo9K5cEAAAA&oh=00_AfBxQkFfsj7KWlJ-ybkT-Ft2X7FMTEUgbI3YYlZUsAENdA&oe=64BA29F5
113,https://scontent-iad3-2.cdninstagram.com/v/t51.29350-15/319366651_132415719415495_8314486154295800542_n.jpg?_nc_cat=106&ccb=1-7&_nc_sid=8ae9d6&_nc_ohc=NzLkOfxVofMAX_0A8Pg&_nc_ht=scontent-iad3-2.cdninstagram.com&edm=ANo9K5cEAAAA&oh=00_AfDH0-OVKCZckm7MyvJ6b_qovdyFdQDH2sl3X-pveBS0Rg&oe=64B91BEF
112,https://scontent-iad3-2.cdninstagram.com/v/t51.29350-15/318005595_666727951653985_5489496043863369335_n.jpg?_nc_cat=111&ccb=1-7&_nc_sid=8ae9d6&_nc_ohc=YevYT7fgaCAAX-OvUMa&_nc_oc=AQlBq32wpt2AQ1iOf_vmjgdfgnG9KeSAGo23YVnvu8deb3dXu3iJ8Cc1g7XA8dTEL8k&_nc_ht=scontent-iad3-2.cdninstagram.com&edm=ANo9K5cEAAAA&oh=00_AfDxo3ZK67FARf1AicfczzXrlsi6QrZEEPaW9JFgKjvQWg&oe=64B9388B
111,https://scontent-iad3-1.cdninstagram.com/v/t51.29350-15/318453727_495163879097952_8158651828465695277_n.jpg?_nc_cat=104&ccb=1-7&_nc_sid=8ae9d6&_nc_ohc=2_NS1DK0PCsAX9F5q7F&_nc_ht=scontent-iad3-1.cdninstagram.com&edm=ANo9K5cEAAAA&oh=00_AfBhr5uMI2lEht94_w_yEYSZgao7EKUFLaCcOAvpZXC85A&oe=64B9C229
110,https://scontent-iad3-2.cdninstagram.com/v/t51.29350-15/318303601_105185312391467_4726306365029409709_n.jpg?_nc_cat=106&ccb=1-7&_nc_sid=8ae9d6&_nc_ohc=IOLjkB6TeQIAX9UX1oc&_nc_ht=scontent-iad3-2.cdninstagram.com&edm=ANo9K5cEAAAA&oh=00_AfDwqB3lt0K7ZQS5Xn6Kj5LiymkWvgNR5qWslEsR6oBtNA&oe=64B991BB
109,https://scontent-iad3-2.cdninstagram.com/v/t51.29350-15/318035254_469518531976065_9214478841630273885_n.jpg?_nc_cat=105&ccb=1-7&_nc_sid=8ae9d6&_nc_ohc=zipiwhijh-wAX_Ov2pV&_nc_ht=scontent-iad3-2.cdninstagram.com&edm=ANo9K5cEAAAA&oh=00_AfAM1HIlwKcDqpIFsJ14hOtL28bcbCgsF3bpocRfgB37AQ&oe=64B9D367
108,https://scontent-iad3-2.cdninstagram.com/v/t51.29350-15/317939397_825619255378826_2608359016562485227_n.jpg?_nc_cat=105&ccb=1-7&_nc_sid=8ae9d6&_nc_ohc=_8yIGlgX764AX-v6Y8P&_nc_ht=scontent-iad3-2.cdninstagram.com&edm=ANo9K5cEAAAA&oh=00_AfAnjh0ko4Hx0Y9nrfKMEdh9ccc9XjoVN6mJvaXPNmDVMw&oe=64B8E30A
107,https://scontent-iad3-1.cdninstagram.com/v/t51.29350-15/317778007_2212814395546821_5813443315689590196_n.jpg?_nc_cat=104&ccb=1-7&_nc_sid=8ae9d6&_nc_ohc=BTCQ8YtJ27YAX_v2u9n&_nc_ht=scontent-iad3-1.cdninstagram.com&edm=ANo9K5cEAAAA&oh=00_AfAN14pMR8LYGheciW3AmwV4bhhuwnQILyZWNZ7lGxHswA&oe=64B9F278
106,https://scontent-iad3-2.cdninstagram.com/v/t51.29350-15/317645252_171660905508577_7263445591132683983_n.jpg?_nc_cat=103&ccb=1-7&_nc_sid=8ae9d6&_nc_ohc=7PsNezVjBaoAX_nIZHd&_nc_ht=scontent-iad3-2.cdninstagram.com&edm=ANo9K5cEAAAA&oh=00_AfB4p-xY_RbmnLDJuw-N8kGs3kob1x8kmkh_9eZF8LVM1Q&oe=64B9CF57
105,https://scontent-iad3-1.cdninstagram.com/v/t51.29350-15/317514503_169660432358302_5628583697846032283_n.jpg?_nc_cat=108&ccb=1-7&_nc_sid=8ae9d6&_nc_ohc=G9iKBWz0mF0AX_v9ooq&_nc_ht=scontent-iad3-1.cdninstagram.com&edm=ANo9K5cEAAAA&oh=00_AfDLX7sJE2RRl8gi-Q0JxdsWJmPJTfmivRk-27mrLykw2w&oe=64B9312E
104,https://scontent-iad3-2.cdninstagram.com/v/t51.29350-15/317518181_1833274710357858_7978476837623725497_n.jpg?_nc_cat=103&ccb=1-7&_nc_sid=8ae9d6&_nc_ohc=MZyvK_w9SCsAX93jRI3&_nc_ht=scontent-iad3-2.cdninstagram.com&edm=ANo9K5cEAAAA&oh=00_AfAnZov8CvbcUIzY59OiNNdqqldf2H2oDwYJzi6vLGBMFw&oe=64BA1D19
103,https://scontent-iad3-1.cdninstagram.com/v/t51.29350-15/317764347_1001664870604737_3976550083747672678_n.jpg?_nc_cat=102&ccb=1-7&_nc_sid=8ae9d6&_nc_ohc=ZTNtJMnAvloAX8rJ4-4&_nc_ht=scontent-iad3-1.cdninstagram.com&edm=ANo9K5cEAAAA&oh=00_AfC_pubBP3xyEzl-sqsOqxo70NZjYDlNT5u84BuM2TZmhw&oe=64B89119
102,https://scontent-iad3-1.cdninstagram.com/v/t51.29350-15/316993562_675931310770986_5916594802906182422_n.jpg?_nc_cat=107&ccb=1-7&_nc_sid=8ae9d6&_nc_ohc=6l2lmTlN7pgAX98tNSP&_nc_ht=scontent-iad3-1.cdninstagram.com&edm=ANo9K5cEAAAA&oh=00_AfCfvqR38cn5OMeKE2BSfmu75QYnhck_vj7TGV5osKzB5A&oe=64B9F6A3
101,https://scontent-iad3-2.cdninstagram.com/v/t51.29350-15/317247131_687364379652955_6134029639320687005_n.jpg?_nc_cat=111&ccb=1-7&_nc_sid=8ae9d6&_nc_ohc=76dyLk_EbIgAX_ClodO&_nc_ht=scontent-iad3-2.cdninstagram.com&edm=ANo9K5cEAAAA&oh=00_AfATE6qPg5fRgfVk7MEytQ16P-t1sWmzGkN6zklnjLj4Lw&oe=64B86D7D
100,https://scontent-iad3-2.cdninstagram.com/v/t51.29350-15/316830662_1473049136554544_4415716046147809041_n.jpg?_nc_cat=105&ccb=1-7&_nc_sid=8ae9d6&_nc_ohc=9P_vuwMFuP0AX9X7rbn&_nc_ht=scontent-iad3-2.cdninstagram.com&edm=ANo9K5cEAAAA&oh=00_AfD_V40wXN5oGfVzC1lGerx3uFn3TmmK6i7lbkW6wfGsXg&oe=64B8A98E
99,https://scontent-iad3-1.cdninstagram.com/v/t51.29350-15/316802191_637207604771095_1142115543988053138_n.jpg?_nc_cat=108&ccb=1-7&_nc_sid=8ae9d6&_nc_ohc=TLCXcvECnZ0AX8Pmr5x&_nc_ht=scontent-iad3-1.cdninstagram.com&edm=ANo9K5cEAAAA&oh=00_AfBdADAmoF_4rwmoT01NGhhS8ATgMjPFFm9FWi2od5ukfQ&oe=64B9AF2B
98,https://scontent-iad3-2.cdninstagram.com/v/t51.29350-15/317148951_701435667914832_389147801072286170_n.jpg?_nc_cat=106&ccb=1-7&_nc_sid=8ae9d6&_nc_ohc=UaRwN7VITNwAX-n2jwc&_nc_oc=AQliZ6dK9JMqSA5tnOrAcBTLqh9aTm7sOp_6A_mrXHOEovvWxMIIEzmoE-eGbS-baFY&_nc_ht=scontent-iad3-2.cdninstagram.com&edm=ANo9K5cEAAAA&oh=00_AfCyghSl3h-tgqzBe5SBVTXNH6AP0SgUtt9Vhyh9y57eTw&oe=64B9F754
97,https://scontent-iad3-1.cdninstagram.com/v/t51.29350-15/316855567_5631816236898656_6915377489988949279_n.jpg?_nc_cat=101&ccb=1-7&_nc_sid=8ae9d6&_nc_ohc=t5Enk8iAMeAAX-5NVRt&_nc_ht=scontent-iad3-1.cdninstagram.com&edm=ANo9K5cEAAAA&oh=00_AfBGOyjGibQFj8tHsZ_irc4oyUY_dzmYw2VFcI5uopphAw&oe=64B9618E
96,https://scontent-iad3-1.cdninstagram.com/v/t51.29350-15/316440149_851098275931660_7694584903933817455_n.jpg?_nc_cat=102&ccb=1-7&_nc_sid=8ae9d6&_nc_ohc=m_8akTaDDyQAX_201T8&_nc_ht=scontent-iad3-1.cdninstagram.com&edm=ANo9K5cEAAAA&oh=00_AfDs6J_sGRqc6RgssqyZSDLymi5ON2G32ciT2zrZyh62Gw&oe=64B9CF1E
95,https://scontent-iad3-1.cdninstagram.com/v/t51.29350-15/316366116_877236399950595_1109793567092597585_n.jpg?_nc_cat=104&ccb=1-7&_nc_sid=8ae9d6&_nc_ohc=wvkq9gVhQZkAX8WbZ6w&_nc_ht=scontent-iad3-1.cdninstagram.com&edm=ANo9K5cEAAAA&oh=00_AfDeUCdQ2KJ58j6Vwzvc-XYq0k98Jq2E_yKiYv_u2oHLyg&oe=64B9D02D
94,https://scontent-iad3-2.cdninstagram.com/v/t51.29350-15/316367772_2160319217485352_141443661528281229_n.jpg?_nc_cat=100&ccb=1-7&_nc_sid=8ae9d6&_nc_ohc=RAPm4TzO6TQAX__LhY5&_nc_ht=scontent-iad3-2.cdninstagram.com&edm=ANo9K5cEAAAA&oh=00_AfDFsoZdi8lRxf2hhAOm2lRcBNBp0r50kydqbnn_ncAxgg&oe=64B8D9D5
93,https://scontent-iad3-2.cdninstagram.com/v/t51.29350-15/315896659_1113187572695435_5657595484863912947_n.jpg?_nc_cat=103&ccb=1-7&_nc_sid=8ae9d6&_nc_ohc=HT5jlcRy6dMAX8W1drl&_nc_oc=AQksdGS-y20Si1ox-sv8xczUNjCxceBxPnDRMyYZhx-HWQQPigh1JjIKJdhLvhK9Xc0&_nc_ht=scontent-iad3-2.cdninstagram.com&edm=ANo9K5cEAAAA&oh=00_AfDhd6VQiGpt6TJqSYVEUQ4SL_9LGI_HAS3FZT-cokn1xg&oe=64B9D76C
92,https://scontent-iad3-2.cdninstagram.com/v/t51.29350-15/316029016_877438026765542_3387458152816431134_n.jpg?_nc_cat=111&ccb=1-7&_nc_sid=8ae9d6&_nc_ohc=y1dwDQbiyq0AX_BaPeD&_nc_oc=AQn50LiOywnVqayHyLBQqH_4LsowflwaJoVzX04DXaCjN2YoKIVuX-GGImg3k2ZoOfM&_nc_ht=scontent-iad3-2.cdninstagram.com&edm=ANo9K5cEAAAA&oh=00_AfAG8Q5HbD7KdKZuHnoIdcgjOallrfky4LJWyLbQhIJmPg&oe=64B99A4C
91,https://scontent-iad3-1.cdninstagram.com/v/t51.29350-15/315962963_192159113324819_8488057527944211819_n.jpg?_nc_cat=107&ccb=1-7&_nc_sid=8ae9d6&_nc_ohc=sPbwqSwpVocAX_apzDT&_nc_ht=scontent-iad3-1.cdninstagram.com&edm=ANo9K5cEAAAA&oh=00_AfAqYghZv_7p-3AS6ovMUrmI-MymzFIxR27mm3Epyktxnw&oe=64B98CD2
90,https://scontent-iad3-1.cdninstagram.com/v/t51.29350-15/315727222_1002061004522486_762966388477789228_n.jpg?_nc_cat=108&ccb=1-7&_nc_sid=8ae9d6&_nc_ohc=K0PkNFEOhtsAX87xRYl&_nc_ht=scontent-iad3-1.cdninstagram.com&edm=ANo9K5cEAAAA&oh=00_AfAY-g3kTQ80FaB8iLye6KjHUm5Y1wjcWOYGsmerqYOEUA&oe=64B86AC7
89,https://scontent-iad3-1.cdninstagram.com/v/t51.29350-15/315452109_427318212949421_8163375991263226863_n.jpg?_nc_cat=104&ccb=1-7&_nc_sid=8ae9d6&_nc_ohc=ynR-JHmtXc0AX86VdIN&_nc_ht=scontent-iad3-1.cdninstagram.com&edm=ANo9K5cEAAAA&oh=00_AfB60_Zz1Lq7UMGdXem19G8cVFhEFWI1OBDFcf7Gjw1lvA&oe=64B94057
88,https://scontent-iad3-2.cdninstagram.com/v/t51.29350-15/315564878_641093931010388_6616251654100408331_n.jpg?_nc_cat=100&ccb=1-7&_nc_sid=8ae9d6&_nc_ohc=CtmRI8ss9ZoAX88GNv-&_nc_ht=scontent-iad3-2.cdninstagram.com&edm=ANo9K5cEAAAA&oh=00_AfDX0jAP0KWB0z1slxxtQbvhsWnYVibjJbGYfzW59eyuUQ&oe=64B9DA6B
87,https://scontent-iad3-1.cdninstagram.com/v/t51.29350-15/315151845_126506130227237_5376498550589849604_n.jpg?_nc_cat=108&ccb=1-7&_nc_sid=8ae9d6&_nc_ohc=BglIEvqL9F0AX9hfYlH&_nc_ht=scontent-iad3-1.cdninstagram.com&edm=ANo9K5cEAAAA&oh=00_AfDg7mguOK8t8l-ECmyT-APjXQVBqMGGrfEtGp0prJFYPA&oe=64B83921
86,https://scontent-iad3-2.cdninstagram.com/v/t51.29350-15/315105641_842109237135832_8976626346030625047_n.jpg?_nc_cat=103&ccb=1-7&_nc_sid=8ae9d6&_nc_ohc=yC4pSW8q5rwAX_EFPbA&_nc_ht=scontent-iad3-2.cdninstagram.com&edm=ANo9K5cEAAAA&oh=00_AfBosjCeDvsZhOQmWOxIyiwFkoDo5l3sQtq4WQmR_fZK7A&oe=64B9AE4C
85,https://scontent-iad3-1.cdninstagram.com/v/t51.29350-15/315305952_3529476140619708_6318653502220987342_n.jpg?_nc_cat=102&ccb=1-7&_nc_sid=8ae9d6&_nc_ohc=mmbQOYVyxmMAX9zWsrj&_nc_oc=AQkx0pTg73UqqzUL7cfVc0Mvj6GnD5xKzZazrrk0Qv3LB6tnThVihdirBHp07kne_fI&_nc_ht=scontent-iad3-1.cdninstagram.com&edm=ANo9K5cEAAAA&oh=00_AfA-EXkWjtgX4WfRZfg8Z2rc3IAll-UHnq7pkxLNVG-G8A&oe=64B86121
84,https://scontent-iad3-1.cdninstagram.com/v/t51.29350-15/314774905_1163207187646268_2237878395136657933_n.jpg?_nc_cat=110&ccb=1-7&_nc_sid=8ae9d6&_nc_ohc=4mYL2X3SJz0AX8GdP9-&_nc_ht=scontent-iad3-1.cdninstagram.com&edm=ANo9K5cEAAAA&oh=00_AfDCJi2RwUAlN-dVVUle1AoDS6yW9yUw35ySMcnIwoMupw&oe=64B9DB60
83,https://scontent-iad3-1.cdninstagram.com/v/t51.29350-15/314546647_1122730005043693_5717983356698828452_n.jpg?_nc_cat=101&ccb=1-7&_nc_sid=8ae9d6&_nc_ohc=b2uo50rFyZQAX9K_wx1&_nc_ht=scontent-iad3-1.cdninstagram.com&edm=ANo9K5cEAAAA&oh=00_AfBgbfzqpyBkC3LWu0S2XoJA8doCWLz-fdtmMF78YYWCMg&oe=64B98A33
82,https://scontent-iad3-1.cdninstagram.com/v/t51.29350-15/314296895_1307680250008407_8871507137536227887_n.jpg?_nc_cat=110&ccb=1-7&_nc_sid=8ae9d6&_nc_ohc=uWOofLk0MAwAX88Hkdk&_nc_ht=scontent-iad3-1.cdninstagram.com&edm=ANo9K5cEAAAA&oh=00_AfCQQao5fOlrs0CbqO01xXAbpLY0oVP-HMLVteiH8XRpow&oe=64B9E15B
81,https://scontent-iad3-1.cdninstagram.com/v/t51.29350-15/314877135_5616447758434036_3980358163062562891_n.jpg?_nc_cat=110&ccb=1-7&_nc_sid=8ae9d6&_nc_ohc=jNA8XNsgR9UAX_CgJP6&_nc_ht=scontent-iad3-1.cdninstagram.com&edm=ANo9K5cEAAAA&oh=00_AfA8fQQcG2lNQBxsGj67X_Hp-SiUOaeuLZtldb3ECrqE0A&oe=64B94EF2
80,https://scontent-iad3-2.cdninstagram.com/v/t51.29350-15/314483875_116308127941996_6411501893675990153_n.jpg?_nc_cat=111&ccb=1-7&_nc_sid=8ae9d6&_nc_ohc=JDkObsgjvmsAX9wZYDf&_nc_ht=scontent-iad3-2.cdninstagram.com&edm=ANo9K5cEAAAA&oh=00_AfDk7eckoeZSVlSDvpU9qT5VWy5lztIK_SZ3uJ4LQmtXUA&oe=64B84F4B
79,https://scontent-iad3-2.cdninstagram.com/v/t51.29350-15/313968718_521870922869688_7956282753578785379_n.jpg?_nc_cat=111&ccb=1-7&_nc_sid=8ae9d6&_nc_ohc=PVO2RYwzepIAX-zA_6R&_nc_ht=scontent-iad3-2.cdninstagram.com&edm=ANo9K5cEAAAA&oh=00_AfDjINYausNL4BXwYLFrFLc07QHT_ZIxDJ2EYPNk3G6u8w&oe=64B88E84
78,https://scontent-iad3-1.cdninstagram.com/v/t51.29350-15/314305345_622886382910730_1298810631981876600_n.jpg?_nc_cat=109&ccb=1-7&_nc_sid=8ae9d6&_nc_ohc=2T_C2_CkS2MAX_RhKuS&_nc_ht=scontent-iad3-1.cdninstagram.com&edm=ANo9K5cEAAAA&oh=00_AfCjv6qDORYwMVINH0YAd7nEPr2Z0sR4lekiLlHDaLORRw&oe=64B952DD
77,https://scontent-iad3-2.cdninstagram.com/v/t51.29350-15/313794427_170299498936777_2667132782279558653_n.jpg?_nc_cat=103&ccb=1-7&_nc_sid=8ae9d6&_nc_ohc=odjCvtvUKZIAX8o_ZnU&_nc_ht=scontent-iad3-2.cdninstagram.com&edm=ANo9K5cEAAAA&oh=00_AfCJDC0EjUkfyNGtyJ_NQkL9-1DmnHPWCg0jSTyk5b6KTg&oe=64B8BF39
76,https://scontent-iad3-2.cdninstagram.com/v/t51.29350-15/313847572_421576093513593_5227534599851149673_n.jpg?_nc_cat=103&ccb=1-7&_nc_sid=8ae9d6&_nc_ohc=eV0FH6x6CUgAX8OtSJ5&_nc_ht=scontent-iad3-2.cdninstagram.com&edm=ANo9K5cEAAAA&oh=00_AfCiEe7RDD24geDB4maRrN0ZSeEVpfdE1ZUAgFWvk6hBGg&oe=64B860BC
75,https://scontent-iad3-1.cdninstagram.com/v/t51.29350-15/314205772_525820915724300_4048348452943171295_n.jpg?_nc_cat=109&ccb=1-7&_nc_sid=8ae9d6&_nc_ohc=tlBSQDZd-qgAX_18Jjr&_nc_ht=scontent-iad3-1.cdninstagram.com&edm=ANo9K5cEAAAA&oh=00_AfD7daFPGKLtSOfwqParKPN5BFnWAbQpd3IUIt54xtE_8Q&oe=64BA0DD4
74,https://scontent-iad3-1.cdninstagram.com/v/t51.29350-15/313729923_509679237692915_5808711229703216360_n.jpg?_nc_cat=107&ccb=1-7&_nc_sid=8ae9d6&_nc_ohc=Ysrp_5A-zewAX80aA-P&_nc_ht=scontent-iad3-1.cdninstagram.com&edm=ANo9K5cEAAAA&oh=00_AfBsAHHoGuvNYVOBji0qXmC0PmlK_SczgPTgo-p-UFqKZA&oe=64B99C67
73,https://scontent-iad3-1.cdninstagram.com/v/t51.29350-15/313222077_113924124842928_7112015273938181463_n.jpg?_nc_cat=110&ccb=1-7&_nc_sid=8ae9d6&_nc_ohc=fHArP2B87GkAX8sfIRK&_nc_ht=scontent-iad3-1.cdninstagram.com&edm=ANo9K5cEAAAA&oh=00_AfAIviflkeXT3EDCKEFdeXwRuidddBqJeXiMo4PLaO0D_Q&oe=64B83ADE
72,https://scontent-iad3-1.cdninstagram.com/v/t51.29350-15/313308760_669689034510912_2363024662751821893_n.jpg?_nc_cat=102&ccb=1-7&_nc_sid=8ae9d6&_nc_ohc=XD2BBm0PJNQAX8cVzBC&_nc_oc=AQmtnSjPTRjLIaGIAq64D_cNT3HM-cbFC5Q6H8yPuqGzHlmB8q4Ye5ybrW7rPOTYXNM&_nc_ht=scontent-iad3-1.cdninstagram.com&edm=ANo9K5cEAAAA&oh=00_AfDav3LPPPyMfJbvb5Z8oO5i4MPAe10hwOEWK842Wt9DhQ&oe=64B8DDBB
71,https://scontent-iad3-1.cdninstagram.com/v/t51.29350-15/312833723_798278281404388_5696978627719074205_n.jpg?_nc_cat=102&ccb=1-7&_nc_sid=8ae9d6&_nc_ohc=hBL-6s2uI9IAX8TvLfS&_nc_ht=scontent-iad3-1.cdninstagram.com&edm=ANo9K5cEAAAA&oh=00_AfAjF37bo-0S36DRtt48wu9Xn5RrbkNdV7jpIBzYH48Q5A&oe=64B85030
70,https://scontent-iad3-1.cdninstagram.com/v/t51.29350-15/305168511_133226339280601_3372962304159406744_n.jpg?_nc_cat=101&ccb=1-7&_nc_sid=8ae9d6&_nc_ohc=FC1r0fYlItMAX9Guqbc&_nc_ht=scontent-iad3-1.cdninstagram.com&edm=ANo9K5cEAAAA&oh=00_AfAmKhUTiWJMnQBsnBD9UCDQcgI5U4397Yo73wnvTA0soA&oe=64B9770A
69,https://scontent-iad3-1.cdninstagram.com/v/t51.29350-15/312718321_529270235201316_2445370356782079688_n.jpg?_nc_cat=101&ccb=1-7&_nc_sid=8ae9d6&_nc_ohc=EXH8KdBDt_oAX95NzH_&_nc_ht=scontent-iad3-1.cdninstagram.com&edm=ANo9K5cEAAAA&oh=00_AfBwbbvs8LB_JDmaZcyiXzvCIumR967rknDfh1CKMo5g_A&oe=64B8B69F
68,https://scontent-iad3-2.cdninstagram.com/v/t51.29350-15/312626191_465185872345616_730841128220194007_n.jpg?_nc_cat=100&ccb=1-7&_nc_sid=8ae9d6&_nc_ohc=X9tRnlO4OTUAX87sz3t&_nc_ht=scontent-iad3-2.cdninstagram.com&edm=ANo9K5cEAAAA&oh=00_AfDgfe2hfiCnk6WM6zUc8so7Ki6Sefh5k9HockVniEx8EQ&oe=64B9F190
67,https://scontent-iad3-1.cdninstagram.com/v/t51.29350-15/312711089_464225892355942_7233105871625739314_n.jpg?_nc_cat=110&ccb=1-7&_nc_sid=8ae9d6&_nc_ohc=H9a9h3Un1t4AX-dqYsX&_nc_ht=scontent-iad3-1.cdninstagram.com&edm=ANo9K5cEAAAA&oh=00_AfClZNM6xKBjBXrBy42dKdJCNuP77llBBFq_xJ9DslGrPw&oe=64B884AC
66,https://scontent-iad3-1.cdninstagram.com/v/t51.29350-15/312454442_1260133728110568_6906134409594003451_n.jpg?_nc_cat=109&ccb=1-7&_nc_sid=8ae9d6&_nc_ohc=8Mv4IwNDKH8AX8shRht&_nc_ht=scontent-iad3-1.cdninstagram.com&edm=ANo9K5cEAAAA&oh=00_AfBd_YsTIwtMjOpilytsp3x8vTP4eRi5iCvOHyQs4DBNgw&oe=64B9ACA2
65,https://scontent-iad3-2.cdninstagram.com/v/t51.29350-15/312239588_845744300123008_5271619973663693308_n.jpg?_nc_cat=103&ccb=1-7&_nc_sid=8ae9d6&_nc_ohc=voivenrMeWcAX9wtlYS&_nc_ht=scontent-iad3-2.cdninstagram.com&edm=ANo9K5cEAAAA&oh=00_AfDhkBtl-SSX1HokOYN7XeNbKEAEf-JF5iwlU88Oozoe6A&oe=64B9696E
64,https://scontent-iad3-1.cdninstagram.com/v/t51.29350-15/312060003_8255616884512294_106652943951121623_n.jpg?_nc_cat=102&ccb=1-7&_nc_sid=8ae9d6&_nc_ohc=_SAAtl__hqoAX836ivn&_nc_ht=scontent-iad3-1.cdninstagram.com&edm=ANo9K5cEAAAA&oh=00_AfCdaDc27iVGIxieKkXHbEJY2T9jDAq7Ygr5JYZcBvyaow&oe=64B98F38
63,https://scontent-iad3-1.cdninstagram.com/v/t51.29350-15/312059010_799530427976864_7726738997821853063_n.jpg?_nc_cat=110&ccb=1-7&_nc_sid=8ae9d6&_nc_ohc=STROxQyTi-YAX8vi1z6&_nc_ht=scontent-iad3-1.cdninstagram.com&edm=ANo9K5cEAAAA&oh=00_AfByz6Gr-6nbf68DPGqURcS_Mi9VliqdkOzraQtzG-hZ8w&oe=64B8DA89
62,https://scontent-iad3-2.cdninstagram.com/v/t51.29350-15/311895972_506934577978281_8644932210914437327_n.jpg?_nc_cat=105&ccb=1-7&_nc_sid=8ae9d6&_nc_ohc=Jum2eS0IZg0AX_R536H&_nc_ht=scontent-iad3-2.cdninstagram.com&edm=ANo9K5cEAAAA&oh=00_AfBVIf-Oi9OcfzxvU2Lq2ou1H30YfaimUHE80oVdAIezng&oe=64BA15E9
61,https://scontent-iad3-1.cdninstagram.com/v/t51.29350-15/312074051_5463922060382345_4423444960581315754_n.jpg?_nc_cat=109&ccb=1-7&_nc_sid=8ae9d6&_nc_ohc=nvFUz53HFMoAX-bpC5I&_nc_ht=scontent-iad3-1.cdninstagram.com&edm=ANo9K5cEAAAA&oh=00_AfCtRWYjUmz4LNF9DXAvFk-eW284c8wxpbQ-xE4OPt0Cfw&oe=64B8602B
60,https://scontent-iad3-1.cdninstagram.com/v/t51.29350-15/311983696_638092734645648_7230461423185509384_n.jpg?_nc_cat=109&ccb=1-7&_nc_sid=8ae9d6&_nc_ohc=u-o3S54OB-8AX86WhEJ&_nc_ht=scontent-iad3-1.cdninstagram.com&edm=ANo9K5cEAAAA&oh=00_AfArVFTPmjnste8aHomfeRV1_O1fnMf9gFa0jfv_vS1kWQ&oe=64B98728
59,https://scontent-iad3-1.cdninstagram.com/v/t51.29350-15/311695266_216232180759711_182606914484317875_n.jpg?_nc_cat=110&ccb=1-7&_nc_sid=8ae9d6&_nc_ohc=WR3IhCgD6G4AX9mivo5&_nc_ht=scontent-iad3-1.cdninstagram.com&edm=ANo9K5cEAAAA&oh=00_AfDNPh4C2MEAI9i481Bg8Ej-cJCDlA63zoKfXVCaBDQoFg&oe=64B95F98
58,https://scontent-iad3-2.cdninstagram.com/v/t51.29350-15/311527967_826115775502022_637196827938092573_n.jpg?_nc_cat=106&ccb=1-7&_nc_sid=8ae9d6&_nc_ohc=lGMqgzyE3QYAX-RAyXU&_nc_ht=scontent-iad3-2.cdninstagram.com&edm=ANo9K5cEAAAA&oh=00_AfB6PxAMp_uwP-VN7Exg_H-Ke25W4QYMh1KCUvL7MrXc2g&oe=64B9F566
57,https://scontent-iad3-2.cdninstagram.com/v/t51.29350-15/311715222_1267502464036265_7079738534599895527_n.jpg?_nc_cat=105&ccb=1-7&_nc_sid=8ae9d6&_nc_ohc=6yfGIYTdcUYAX-BTxc5&_nc_ht=scontent-iad3-2.cdninstagram.com&edm=ANo9K5cEAAAA&oh=00_AfCZQKmpnuihoVKk1QIhxGg1frgCGwOdg0NXxjXS11wXtg&oe=64B8DBAB
56,https://scontent-iad3-2.cdninstagram.com/v/t51.29350-15/311330276_5769620636432489_4044078216946187055_n.jpg?_nc_cat=100&ccb=1-7&_nc_sid=8ae9d6&_nc_ohc=u-6jtkpVHRYAX-1NkTx&_nc_ht=scontent-iad3-2.cdninstagram.com&edm=ANo9K5cEAAAA&oh=00_AfDeUwkT2KTb31WhuAeN8HkOL2w6dgQ6CpB8l-KgJ1LacQ&oe=64B9E61D
55,https://scontent-iad3-2.cdninstagram.com/v/t51.29350-15/311597396_519436399561013_4365153947471604650_n.jpg?_nc_cat=100&ccb=1-7&_nc_sid=8ae9d6&_nc_ohc=pTeETaPPlhYAX9R65s3&_nc_ht=scontent-iad3-2.cdninstagram.com&edm=ANo9K5cEAAAA&oh=00_AfAkFA0jzqoeH7Vs2u-GMUv6R_nmjgO8sAPDz6Ie2ZuAwg&oe=64B86ECB
54,https://scontent-iad3-2.cdninstagram.com/v/t51.29350-15/310994354_3261536550726763_638187890259775187_n.jpg?_nc_cat=111&ccb=1-7&_nc_sid=8ae9d6&_nc_ohc=EINEOCtyTCoAX-DERdJ&_nc_ht=scontent-iad3-2.cdninstagram.com&edm=ANo9K5cEAAAA&oh=00_AfDKwWc9yBvL3hB_Awx3Nhfcg9imlS2kVVJoCyKK89AS6Q&oe=64B92EDD
53,https://scontent-iad3-1.cdninstagram.com/v/t51.29350-15/280846180_161770049803867_769631862064663912_n.jpg?_nc_cat=109&ccb=1-7&_nc_sid=8ae9d6&_nc_ohc=65U23e6c2VsAX--O-DW&_nc_ht=scontent-iad3-1.cdninstagram.com&edm=ANo9K5cEAAAA&oh=00_AfAJfzeFYvsFWz9cW42p3Zi5YykLeilJ5qxyrdJF4rv4iQ&oe=64B861E1
52,https://scontent-iad3-1.cdninstagram.com/v/t51.29350-15/310839247_1148271929231885_4133138578930986887_n.jpg?_nc_cat=101&ccb=1-7&_nc_sid=8ae9d6&_nc_ohc=qY0kAQJWW_0AX8wImDM&_nc_ht=scontent-iad3-1.cdninstagram.com&edm=ANo9K5cEAAAA&oh=00_AfAorVTekwFsp_LnXzA3bLMpFtut25kk0zUTohXY0aF-5g&oe=64B8C13F
51,https://scontent-iad3-1.cdninstagram.com/v/t51.29350-15/311136500_180930314451496_9028034494255574209_n.jpg?_nc_cat=107&ccb=1-7&_nc_sid=8ae9d6&_nc_ohc=d73Udg_ZIYgAX9VyPhn&_nc_ht=scontent-iad3-1.cdninstagram.com&edm=ANo9K5cEAAAA&oh=00_AfDqoJTGU9tkNtRscgGWHQEK2GQx2YwU2KA5XfF0huKqgg&oe=64B89D55
50,https://scontent-iad3-1.cdninstagram.com/v/t51.29350-15/310761503_1071663976851499_7324427127882531525_n.jpg?_nc_cat=109&ccb=1-7&_nc_sid=8ae9d6&_nc_ohc=mBvTmK9P510AX9sk67g&_nc_ht=scontent-iad3-1.cdninstagram.com&edm=ANo9K5cEAAAA&oh=00_AfB-_vA2sMQ8n-ilNbgfvaZ4aJFiOpY--ljzMm7h0vsnYw&oe=64B94014
49,https://scontent-iad3-2.cdninstagram.com/v/t51.29350-15/310574118_1121510921837451_5408982848548440079_n.jpg?_nc_cat=100&ccb=1-7&_nc_sid=8ae9d6&_nc_ohc=DAw8DfnB26gAX82G5Oi&_nc_ht=scontent-iad3-2.cdninstagram.com&edm=ANo9K5cEAAAA&oh=00_AfAgkNbtPr34TABloRs5L2GbvCWa0Mv7-BQNHt4WlwZgpg&oe=64B90128
48,https://scontent-iad3-1.cdninstagram.com/v/t51.29350-15/311076496_784762052746698_7928381703695970168_n.jpg?_nc_cat=110&ccb=1-7&_nc_sid=8ae9d6&_nc_ohc=zffuHn_jfBQAX_nKd7J&_nc_ht=scontent-iad3-1.cdninstagram.com&edm=ANo9K5cEAAAA&oh=00_AfDi-rhkXKRKwxOXDFYQ_pADWkmg22NvgplMOoZKy45oCQ&oe=64B88BD3
47,https://scontent-iad3-2.cdninstagram.com/v/t51.29350-15/310804820_1795586684116614_5836270996354870517_n.jpg?_nc_cat=103&ccb=1-7&_nc_sid=8ae9d6&_nc_ohc=FbFEC1F_r04AX9Y0cbc&_nc_ht=scontent-iad3-2.cdninstagram.com&edm=ANo9K5cEAAAA&oh=00_AfCX7ximDw0FGYLrXcQjY0fA4QHj27Fn4Set_uyP12NdDA&oe=64B8C5AE
46,https://scontent-iad3-2.cdninstagram.com/v/t51.29350-15/310034070_1322454381893167_5549977735807341740_n.jpg?_nc_cat=106&ccb=1-7&_nc_sid=8ae9d6&_nc_ohc=jaYnavk0N58AX-5fp1V&_nc_ht=scontent-iad3-2.cdninstagram.com&edm=ANo9K5cEAAAA&oh=00_AfCgalYrtv0rN1nqpke01c4b9ONPbg67m0T8laxO9KB3-g&oe=64BA01F9
45,https://scontent-iad3-2.cdninstagram.com/v/t51.29350-15/310171748_602873558253055_7895278529805655612_n.jpg?_nc_cat=111&ccb=1-7&_nc_sid=8ae9d6&_nc_ohc=A1HRtJywWz0AX94330w&_nc_ht=scontent-iad3-2.cdninstagram.com&edm=ANo9K5cEAAAA&oh=00_AfAPdebQo0fwE6uloKA22nrX0pbSPlzLTofIVAoilX6jlg&oe=64B8CE9D
44,https://scontent-iad3-1.cdninstagram.com/v/t51.29350-15/309665472_410428377920410_7204586973529626958_n.jpg?_nc_cat=110&ccb=1-7&_nc_sid=8ae9d6&_nc_ohc=w1hQprYxwGoAX8gRxRX&_nc_ht=scontent-iad3-1.cdninstagram.com&edm=ANo9K5cEAAAA&oh=00_AfCaNrgZ9OR7TZl6vN8-2fWIklcFUywxQ-ScJ594Hq7T-w&oe=64B850FB
43,https://scontent-iad3-1.cdninstagram.com/v/t51.29350-15/309622444_831312751642061_6517362473926234452_n.jpg?_nc_cat=108&ccb=1-7&_nc_sid=8ae9d6&_nc_ohc=h5JvDHBlHRoAX-6ZxKK&_nc_ht=scontent-iad3-1.cdninstagram.com&edm=ANo9K5cEAAAA&oh=00_AfC0WRRNUbKDJgZCmV7UvuHwM44hg1Qv0iVPr-EsQpV3Lg&oe=64B94091
42,https://scontent-iad3-1.cdninstagram.com/v/t51.29350-15/309009723_193001896472393_1500655453863583633_n.jpg?_nc_cat=107&ccb=1-7&_nc_sid=8ae9d6&_nc_ohc=CsUmUavMjXIAX9RqaCH&_nc_ht=scontent-iad3-1.cdninstagram.com&edm=ANo9K5cEAAAA&oh=00_AfDksPif1qHISUlpzougizPjQUxSCvi351ibV0pZejs9JA&oe=64B9E309
41,https://scontent-iad3-2.cdninstagram.com/v/t51.29350-15/309077424_5610565008990244_259026158889953907_n.jpg?_nc_cat=103&ccb=1-7&_nc_sid=8ae9d6&_nc_ohc=d3CE6GEg6JgAX9nJQIr&_nc_ht=scontent-iad3-2.cdninstagram.com&edm=ANo9K5cEAAAA&oh=00_AfDLC5-7tKT52u2Wb-mDclA1-UhW5i0bkp5HF_b2ITkHpA&oe=64BA1319
40,https://scontent-iad3-1.cdninstagram.com/v/t51.29350-15/308678448_166759549274621_5599473305425060107_n.jpg?_nc_cat=102&ccb=1-7&_nc_sid=8ae9d6&_nc_ohc=990kglsL8ScAX8nVywD&_nc_ht=scontent-iad3-1.cdninstagram.com&edm=ANo9K5cEAAAA&oh=00_AfC7jdGN59sXiyPU7meHKUuYnlbs2-23eeLvUwzLFZ0SFQ&oe=64B8E29E
39,https://scontent-iad3-1.cdninstagram.com/v/t51.29350-15/308501753_923066585281096_1137141540546343225_n.jpg?_nc_cat=110&ccb=1-7&_nc_sid=8ae9d6&_nc_ohc=LdwuyRBuTncAX_dUtkN&_nc_ht=scontent-iad3-1.cdninstagram.com&edm=ANo9K5cEAAAA&oh=00_AfB3Dooqx8yxnpPotDvIRtj0uFCheah3zo4cLpUl6Wd3qg&oe=64B875DF
38,https://scontent-iad3-1.cdninstagram.com/v/t51.29350-15/308385139_2324674057684217_933474059538010334_n.jpg?_nc_cat=104&ccb=1-7&_nc_sid=8ae9d6&_nc_ohc=o_GNzV75PtoAX8RwXO-&_nc_ht=scontent-iad3-1.cdninstagram.com&edm=ANo9K5cEAAAA&oh=00_AfBY8_cSiNXDg2wrmLprnJjQ8rWLmcn8EFHVoQprAq2thQ&oe=64B9A882
37,https://scontent-iad3-1.cdninstagram.com/v/t51.29350-15/308305757_1719604245075253_3532386703650319947_n.jpg?_nc_cat=108&ccb=1-7&_nc_sid=8ae9d6&_nc_ohc=5A5cpFL-tT4AX-PVLa3&_nc_ht=scontent-iad3-1.cdninstagram.com&edm=ANo9K5cEAAAA&oh=00_AfBZy3_lbY7ltIsMPvoOfIdqpAeE6WHbGZVBtCj2AyzxCg&oe=64B9A19E
36,https://scontent-iad3-2.cdninstagram.com/v/t51.29350-15/308071175_1304235703717237_3181676660566616261_n.jpg?_nc_cat=106&ccb=1-7&_nc_sid=8ae9d6&_nc_ohc=NZ1fbRhTdW4AX-v4efa&_nc_ht=scontent-iad3-2.cdninstagram.com&edm=ANo9K5cEAAAA&oh=00_AfCxxEi9q3YR_WNaY29JnaeYQAZPc4Tft8fdWLhNEMZglA&oe=64BA0876
35,https://scontent-iad3-1.cdninstagram.com/v/t51.29350-15/307867501_5611892585585600_8440548319609930703_n.jpg?_nc_cat=102&ccb=1-7&_nc_sid=8ae9d6&_nc_ohc=5qOGgwJjGGEAX8tEDHM&_nc_ht=scontent-iad3-1.cdninstagram.com&edm=ANo9K5cEAAAA&oh=00_AfAJuEmqgQBtNnO9Wo9U1tpe1Bg3Gwd91qZMxZpVM7Drag&oe=64B9B193
34,https://scontent-iad3-2.cdninstagram.com/v/t51.29350-15/307689524_2916976481937367_7710579768909147477_n.jpg?_nc_cat=106&ccb=1-7&_nc_sid=8ae9d6&_nc_ohc=ACzDbK9L6swAX84BVEw&_nc_ht=scontent-iad3-2.cdninstagram.com&edm=ANo9K5cEAAAA&oh=00_AfBv967NnoyAsEgtpAvZ6rYyFKCUPzP7bpYPulkDVN9XiA&oe=64B8B97B
33,https://scontent-iad3-1.cdninstagram.com/v/t51.29350-15/308033389_167147622566148_8758709870065766447_n.jpg?_nc_cat=102&ccb=1-7&_nc_sid=8ae9d6&_nc_ohc=fIJrC5cND1wAX8AV5DY&_nc_ht=scontent-iad3-1.cdninstagram.com&edm=ANo9K5cEAAAA&oh=00_AfB7OLOm4LfxL5ISHoa8vejQ_EaItbX6bdTUnpD3q3RT4w&oe=64B9D887
32,https://scontent-iad3-1.cdninstagram.com/v/t51.29350-15/307831408_2740392289427949_5648517701767867730_n.jpg?_nc_cat=110&ccb=1-7&_nc_sid=8ae9d6&_nc_ohc=kCRgY8vsNsYAX9j8ZaM&_nc_ht=scontent-iad3-1.cdninstagram.com&edm=ANo9K5cEAAAA&oh=00_AfBoKH-N8_1E_Rn3lhKngBSVeB__5pt5BVZf0kniTYWkSg&oe=64B9EBE5
31,https://scontent-iad3-2.cdninstagram.com/v/t51.29350-15/307297115_655849739093558_407050166410273747_n.jpg?_nc_cat=105&ccb=1-7&_nc_sid=8ae9d6&_nc_ohc=SkXo5v7on54AX-lF0wF&_nc_ht=scontent-iad3-2.cdninstagram.com&edm=ANo9K5cEAAAA&oh=00_AfBWqaJCKeYo3lEKVPYue_ihdksTDJ5eHocNrvwcwL5Kww&oe=64B9695A
30,https://scontent-iad3-1.cdninstagram.com/v/t51.29350-15/307004708_155595207088652_827655838597287223_n.jpg?_nc_cat=102&ccb=1-7&_nc_sid=8ae9d6&_nc_ohc=KYaRUbFK3Z4AX_SjoUc&_nc_ht=scontent-iad3-1.cdninstagram.com&edm=ANo9K5cEAAAA&oh=00_AfA1TDGEhuuBHi1Y0DmQFZT59d5CDVyxeWNX3bMyV6awIg&oe=64B9FB26
29,https://scontent-iad3-1.cdninstagram.com/v/t51.29350-15/306911996_175839171668176_8214393398165119764_n.jpg?_nc_cat=102&ccb=1-7&_nc_sid=8ae9d6&_nc_ohc=ZkIGB3vFR18AX9dWk8j&_nc_oc=AQmy6Dr0sCuhnumoTZsdxRpLqzH8egfRYiHcCtR1_RagnodWnfitTUnn36DQWRb3uzY&_nc_ht=scontent-iad3-1.cdninstagram.com&edm=ANo9K5cEAAAA&oh=00_AfBJIqXGyp7zE8o1PcLJ75idAfkz43kHw9ck1uLwEpdYiA&oe=64B8FB4B
28,https://scontent-iad3-1.cdninstagram.com/v/t51.29350-15/306835789_6252440838102609_8262030475546440633_n.jpg?_nc_cat=107&ccb=1-7&_nc_sid=8ae9d6&_nc_ohc=SQutGu_btJEAX9BMucU&_nc_ht=scontent-iad3-1.cdninstagram.com&edm=ANo9K5cEAAAA&oh=00_AfDHJkXzaQUjp-WVX3W8vA_aOBFfaiUU9l1PvZnS8K-bLw&oe=64B983EC
27,https://scontent-iad3-2.cdninstagram.com/v/t51.29350-15/306869790_469855548372869_358434918166215946_n.jpg?_nc_cat=100&ccb=1-7&_nc_sid=8ae9d6&_nc_ohc=SaFe7nX7HpYAX-v72uF&_nc_ht=scontent-iad3-2.cdninstagram.com&edm=ANo9K5cEAAAA&oh=00_AfBe9P6ymnIfz4R0zrbuGTH-we0hQ3lgvHYAX2dbVboL6w&oe=64B8BA5C
26,https://scontent-iad3-2.cdninstagram.com/v/t51.29350-15/306480523_608708250670328_8096092205775923880_n.jpg?_nc_cat=100&ccb=1-7&_nc_sid=8ae9d6&_nc_ohc=f4W1D6DQDccAX-B_Uid&_nc_ht=scontent-iad3-2.cdninstagram.com&edm=ANo9K5cEAAAA&oh=00_AfBUnXhEwNNrIRrkWYt_tBifFuYMgsdwyr3wPSMhy687zg&oe=64B8CC5B
25,https://scontent-iad3-2.cdninstagram.com/v/t51.29350-15/306284135_470545391630990_6103834903718969442_n.jpg?_nc_cat=106&ccb=1-7&_nc_sid=8ae9d6&_nc_ohc=RF5duv3jaCUAX_Uewdk&_nc_ht=scontent-iad3-2.cdninstagram.com&edm=ANo9K5cEAAAA&oh=00_AfBSaJiX86tYWVN-9IoCgTXHmAxIHAwwnJMMfxkw0MfluQ&oe=64B8C042
24,https://scontent-iad3-1.cdninstagram.com/v/t51.29350-15/306284956_587993116364894_2922552536666197858_n.jpg?_nc_cat=109&ccb=1-7&_nc_sid=8ae9d6&_nc_ohc=WNijkp0nYBcAX-h8hQH&_nc_ht=scontent-iad3-1.cdninstagram.com&edm=ANo9K5cEAAAA&oh=00_AfBjfBG5vpmBfbXObGPOvYlmc99g5mV4wamlRrh9efUtMg&oe=64B83A55
23,https://scontent-iad3-2.cdninstagram.com/v/t51.29350-15/306229573_534907691968540_5272100441512080798_n.jpg?_nc_cat=106&ccb=1-7&_nc_sid=8ae9d6&_nc_ohc=W1ry4NcupoQAX-lxAaw&_nc_ht=scontent-iad3-2.cdninstagram.com&edm=ANo9K5cEAAAA&oh=00_AfA_UE11tYYQR0vkQ-q5ODYOMOiOhR37olqAxt3Zn-BsZA&oe=64B96939
22,https://scontent-iad3-1.cdninstagram.com/v/t51.29350-15/305747164_600847721665272_7933832545473585326_n.jpg?_nc_cat=101&ccb=1-7&_nc_sid=8ae9d6&_nc_ohc=EbSW8BpPeGsAX-oIHU8&_nc_ht=scontent-iad3-1.cdninstagram.com&edm=ANo9K5cEAAAA&oh=00_AfDDCma84JZeMQj2OO_2tfzcEwEjxJ8v6qdEwLFA7ZKsTg&oe=64BA1C1C
21,https://scontent-iad3-1.cdninstagram.com/v/t51.29350-15/305682694_1029814434375335_904684760809659019_n.jpg?_nc_cat=110&ccb=1-7&_nc_sid=8ae9d6&_nc_ohc=vqcGl-TbfukAX82jM7q&_nc_ht=scontent-iad3-1.cdninstagram.com&edm=ANo9K5cEAAAA&oh=00_AfB4yZlZ9fw0tqd4Ey9m7I8gl-1VXUw83moiePdrGtRP4g&oe=64B85497
20,https://scontent-iad3-1.cdninstagram.com/v/t51.29350-15/305249539_797946011239940_4181729541907894333_n.jpg?_nc_cat=109&ccb=1-7&_nc_sid=8ae9d6&_nc_ohc=Uh5uBrx5qvsAX-xa0-5&_nc_ht=scontent-iad3-1.cdninstagram.com&edm=ANo9K5cEAAAA&oh=00_AfBbdld0QZvDdd5bYu96eQWqUhtTtSe8IhM7cde1I4KWQA&oe=64BA0031
19,https://scontent-iad3-1.cdninstagram.com/v/t51.29350-15/305316149_193555033040939_2497649098481136635_n.jpg?_nc_cat=110&ccb=1-7&_nc_sid=8ae9d6&_nc_ohc=JxTMnHzx174AX8m1t3T&_nc_ht=scontent-iad3-1.cdninstagram.com&edm=ANo9K5cEAAAA&oh=00_AfDOHmwLHdSTXOemL1hVPoAhMrviOEoTMptm-PIiTg9_Mg&oe=64B87D97
18,https://scontent-iad3-1.cdninstagram.com/v/t51.29350-15/305032854_616725123359543_4544603117357627998_n.jpg?_nc_cat=102&ccb=1-7&_nc_sid=8ae9d6&_nc_ohc=jDJ_muft69oAX-BFPwh&_nc_ht=scontent-iad3-1.cdninstagram.com&edm=ANo9K5cEAAAA&oh=00_AfAPzGkNe-rPds9r9ZXWc4rFspd_e51eOe2_ZrzxCStDIw&oe=64B92D32
17,https://scontent-iad3-1.cdninstagram.com/v/t51.29350-15/305164927_602884144781397_6609729208165000212_n.jpg?_nc_cat=108&ccb=1-7&_nc_sid=8ae9d6&_nc_ohc=AuLti6i4l7YAX9HFTg2&_nc_ht=scontent-iad3-1.cdninstagram.com&edm=ANo9K5cEAAAA&oh=00_AfB7KaKsQADHnq_x1pldCELGSe-HOSwVoKKPq_hQP2zL1w&oe=64B900F8
16,https://scontent-iad3-2.cdninstagram.com/v/t51.29350-15/304113666_459590459428245_1638784613636905967_n.jpg?_nc_cat=100&ccb=1-7&_nc_sid=8ae9d6&_nc_ohc=vv3q0fnovPgAX8RRHWw&_nc_ht=scontent-iad3-2.cdninstagram.com&edm=ANo9K5cEAAAA&oh=00_AfB1PxE8XIUisai5fFIt6HJHdo44CCU6FwmQgtzKqsDI2g&oe=64B959EB
15,https://scontent-iad3-2.cdninstagram.com/v/t51.29350-15/302486349_531702302048011_690329123506558348_n.jpg?_nc_cat=100&ccb=1-7&_nc_sid=8ae9d6&_nc_ohc=spPfC5lhERIAX9KsH4h&_nc_ht=scontent-iad3-2.cdninstagram.com&edm=ANo9K5cEAAAA&oh=00_AfDf2jRGL9ivpTFJegnSv14FuGjdS2_M1X5PFgOOHt2mHw&oe=64B899E6
14,https://scontent-iad3-2.cdninstagram.com/v/t51.29350-15/302530888_5382169738570056_5123198378059251313_n.jpg?_nc_cat=105&ccb=1-7&_nc_sid=8ae9d6&_nc_ohc=nYm1MwawJSkAX8v0kGS&_nc_ht=scontent-iad3-2.cdninstagram.com&edm=ANo9K5cEAAAA&oh=00_AfBAWp16hfHrqFTRWEhVx9xd-vrQRkdS1Vm0ZOgO7NEh_A&oe=64B9D94D
13,https://scontent-iad3-1.cdninstagram.com/v/t51.29350-15/302204810_1269753753772068_169660308597522541_n.jpg?_nc_cat=110&ccb=1-7&_nc_sid=8ae9d6&_nc_ohc=oyJW-cVSV68AX8zTycv&_nc_ht=scontent-iad3-1.cdninstagram.com&edm=ANo9K5cEAAAA&oh=00_AfC65CU5lKLIta0on7l0_OWdaU5CjWeWit3AcAzmr7EQxg&oe=64B98935
12,https://scontent-iad3-2.cdninstagram.com/v/t51.29350-15/302227673_133424346092237_4626091514494513066_n.jpg?_nc_cat=111&ccb=1-7&_nc_sid=8ae9d6&_nc_ohc=sP-EBI0xlksAX92hHsM&_nc_ht=scontent-iad3-2.cdninstagram.com&edm=ANo9K5cEAAAA&oh=00_AfAyFjYBeYDd_2zrALNb1_1nZSsN87e9-OiGanY1ywPSHg&oe=64B83C94
11,https://scontent-iad3-2.cdninstagram.com/v/t51.29350-15/301600526_590376732792847_806271848402639771_n.jpg?_nc_cat=106&ccb=1-7&_nc_sid=8ae9d6&_nc_ohc=gghIREU6YjUAX_LoksU&_nc_ht=scontent-iad3-2.cdninstagram.com&edm=ANo9K5cEAAAA&oh=00_AfBOJ78BiyFcqoYiN4FEf27y97Q7FQQDZGEI3O4iteGPgg&oe=64B92E78
10,https://scontent-iad3-1.cdninstagram.com/v/t51.29350-15/301830440_611455367206815_5900573935512197031_n.jpg?_nc_cat=101&ccb=1-7&_nc_sid=8ae9d6&_nc_ohc=SOfADkSm_hsAX_nGjVt&_nc_ht=scontent-iad3-1.cdninstagram.com&edm=ANo9K5cEAAAA&oh=00_AfDz3KqsPPBhRInKozhXquoJmPYzAIu-qCvt2r64LIM_Xw&oe=64B8BC2C
9,https://scontent-iad3-1.cdninstagram.com/v/t51.29350-15/301438528_1743519946015517_5301063824689951679_n.jpg?_nc_cat=104&ccb=1-7&_nc_sid=8ae9d6&_nc_ohc=dciDIhY5iVsAX_zTH2p&_nc_ht=scontent-iad3-1.cdninstagram.com&edm=ANo9K5cEAAAA&oh=00_AfAFwsW105KMBVIlphwm14fFDTC9ZRvFgPfEM32IoI23hw&oe=64B89D8B
8,https://scontent-iad3-2.cdninstagram.com/v/t51.29350-15/301359196_1125286688066059_4732005108101520783_n.jpg?_nc_cat=106&ccb=1-7&_nc_sid=8ae9d6&_nc_ohc=ah6ZeJWdNB0AX-_Er78&_nc_ht=scontent-iad3-2.cdninstagram.com&edm=ANo9K5cEAAAA&oh=00_AfD447ZZ9VqOCJfdaTeBY5aIuLtGx_Wkg35LOuXO-EUbkg&oe=64B88E06
7,https://scontent-iad3-2.cdninstagram.com/v/t51.29350-15/301199213_762226614999874_398625728987586545_n.jpg?_nc_cat=111&ccb=1-7&_nc_sid=8ae9d6&_nc_ohc=blOLJ3WJ6ZoAX8xzsxE&_nc_ht=scontent-iad3-2.cdninstagram.com&edm=ANo9K5cEAAAA&oh=00_AfCbAAXHuPHx5YveVyuneGqMw1XPOf5YA7CeFMT9Chh6cw&oe=64B8710C
6,https://scontent-iad3-2.cdninstagram.com/v/t51.29350-15/301385528_119242840877799_8430316952611193989_n.jpg?_nc_cat=106&ccb=1-7&_nc_sid=8ae9d6&_nc_ohc=2Dh-dLf5hhUAX_JWYIJ&_nc_ht=scontent-iad3-2.cdninstagram.com&edm=ANo9K5cEAAAA&oh=00_AfCzFpJstM0ODEyr2X0odslStSx6XC0kTFPYTgCVipwxZw&oe=64B8545D
5,https://scontent-iad3-2.cdninstagram.com/v/t51.29350-15/300378292_1011058196230284_609426019680071881_n.jpg?_nc_cat=103&ccb=1-7&_nc_sid=8ae9d6&_nc_ohc=lu09QA9YFlcAX-BF2_1&_nc_ht=scontent-iad3-2.cdninstagram.com&edm=ANo9K5cEAAAA&oh=00_AfC3ILOsaMr2RHZxB7z0NN9HKHoFfwm36cw7CxrjHxowiA&oe=64B83AA3
4,https://scontent-iad3-2.cdninstagram.com/v/t51.29350-15/300650415_639847964226755_5709653444782752822_n.jpg?_nc_cat=105&ccb=1-7&_nc_sid=8ae9d6&_nc_ohc=e8eq0akxR-MAX-FopQh&_nc_ht=scontent-iad3-2.cdninstagram.com&edm=ANo9K5cEAAAA&oh=00_AfDv3ilQSI7BvHrAHLITaVrYF5K9SWza1Mu4WQchk7q2LA&oe=64B8E48F
3,https://scontent-iad3-2.cdninstagram.com/v/t51.29350-15/300125549_5453199724716346_6464613753347845978_n.jpg?_nc_cat=105&ccb=1-7&_nc_sid=8ae9d6&_nc_ohc=HnH_wBLxO10AX97FpYi&_nc_oc=AQmr_muI9_6zAI6SGyaDPUwx__wOYUuP7azghoprTwSnRDfR9hi7rml4ShTFIKBoRxY&_nc_ht=scontent-iad3-2.cdninstagram.com&edm=ANo9K5cEAAAA&oh=00_AfBYv2wRk1ANDj9QFEJFiOufmpSzPhfAOsCb8q7XVonNcw&oe=64B96EA2
2,https://scontent-iad3-1.cdninstagram.com/v/t51.29350-15/300163918_764190134889088_5576369548926236462_n.jpg?_nc_cat=108&ccb=1-7&_nc_sid=8ae9d6&_nc_ohc=yxLYylVFLzIAX-3CKtr&_nc_ht=scontent-iad3-1.cdninstagram.com&edm=ANo9K5cEAAAA&oh=00_AfDDyPnrT-JeeP_fhg0SkH_QpcgHVlIalN-UPW93fTYnsg&oe=64B98D50
1,https://scontent-iad3-1.cdninstagram.com/v/t51.29350-15/299947011_759601001971172_7979712804116319813_n.jpg?_nc_cat=107&ccb=1-7&_nc_sid=8ae9d6&_nc_ohc=gosp9hacxvIAX-ir3Vv&_nc_ht=scontent-iad3-1.cdninstagram.com&edm=ANo9K5cEAAAA&oh=00_AfD2u0j7znakmBrDIgI0v97DOaDnKErIdRhI2x1c2kfIrw&oe=64B9C4E9
